"id","traceId","sessionId","datasetRunId","timestamp","source","name","dataType","value","stringValue","comment","metadata","observationId","traceName","userId","traceTags","environment","authorUserName"
"50370b3caf73f525","fb86499edc02fd4bc2749ba80f381867","","","""2026-10-02T07:44:11.320Z""","API","gate.correct","NUMERIC","1","","Predicted 6600, confirmed 6600","{}","","invoice_confirmation","","[]","default",""
"f0d2c410d1f1b170","6c38e6f88062d79c7b8e367bb600cf37","","","""2026-10-02T07:44:04.236Z""","API","gate.correct","NUMERIC","1","","Predicted 6200, confirmed 6200","{}","","invoice_confirmation","","[]","default",""
"78f65a50c63bc81d","7fef8588b79459effe95335961880fd3","","","""2026-10-02T07:43:59.197Z""","API","gate.correct","NUMERIC","1","","Predicted 6100, confirmed 6100","{}","","invoice_confirmation","","[]","default",""
"491bce1fba9d34bc","0ac29fdb4e5830694cb501f79d4ba351","","","""2026-10-02T07:43:52.629Z""","API","gate.correct","NUMERIC","1","","Predicted 6600, confirmed 6600","{}","","invoice_confirmation","","[]","default",""
"45eaa4d639869b55","e580303e511a31af10f0609bfd8152ff","","","""2026-10-02T07:43:44.202Z""","API","gate.correct","NUMERIC","1","","Predicted 6100, confirmed 6100","{}","","invoice_confirmation","","[]","default",""
"7b732b7473834919","114b66214ddd52472dbc2e86bdb209d2","","","""2026-10-02T07:43:38.270Z""","API","gate.correct","NUMERIC","1","","Predicted 6600, confirmed 6600","{}","","invoice_confirmation","","[]","default",""
"f1a8a363b4bcc16c","08b0475f7d6b015e7c53a47645b6b9cc","","","""2026-10-02T07:43:33.925Z""","API","gate.correct","NUMERIC","1","","Predicted 6300, confirmed 6300","{}","","invoice_confirmation","","[]","default",""
"43f4d6591636f2a7","7e33a26fdd2afeb41a69ff0e96999141","","","""2026-10-02T07:43:26.649Z""","API","gate.correct","NUMERIC","1","","Predicted 6100, confirmed 6100","{}","","invoice_confirmation","","[]","default",""
"e9e38658cd2ce94b","2ecf4d7da023cd47b078a3661958d85e","","","""2026-10-02T07:43:21.387Z""","API","gate.correct","NUMERIC","1","","Predicted 6400, confirmed 6400","{}","","invoice_confirmation","","[]","default",""
"f7e4c5b206fec521","9ca1e5147050e4263a938ba6ecf00390","","","""2026-10-02T07:43:15.969Z""","API","gate.correct","NUMERIC","1","","Predicted 6600, confirmed 6600","{}","","invoice_confirmation","","[]","default",""
"a175e73a68520f14","41fa766053a2371039761396d895f613","","","""2026-10-02T07:43:07.384Z""","API","gate.correct","NUMERIC","1","","Predicted 6100, confirmed 6100","{}","","invoice_confirmation","","[]","default",""
"ac04a2f083ba58f2","6faa01c025bfba2590959d12d0a51753","","","""2026-10-02T07:43:00.509Z""","API","gate.correct","NUMERIC","1","","Predicted 6700, confirmed 6700","{}","","invoice_confirmation","","[]","default",""
"c56cd0eb5368b48b","25ce31b9765e319f3f75a2867a352b37","","","""2026-10-02T07:42:55.399Z""","API","gate.correct","NUMERIC","1","","Predicted 6700, confirmed 6700","{}","","invoice_confirmation","","[]","default",""
"47e52e371524a1f1","a3415568682af7fefd7f78044aaf5432","","","""2026-10-02T07:42:49.695Z""","API","gate.correct","NUMERIC","1","","Predicted 6600, confirmed 6600","{}","","invoice_confirmation","","[]","default",""
"1575395297c2c75d","ec8b5d45777e7c6f6c961c4baa198c00","","","""2026-10-02T07:42:45.418Z""","API","gate.correct","NUMERIC","1","","Predicted 6600, confirmed 6600","{}","","invoice_confirmation","","[]","default",""
"74767597facc8a13","897f48b36603864eb9b820edc2c3978a","","","""2026-10-02T07:42:40.737Z""","API","gate.correct","NUMERIC","1","","Predicted 6200, confirmed 6200","{}","","invoice_confirmation","","[]","default",""
"1eda7766b89f0d3a","11ff9756c7a0d73dd5def5800c126eec","","","""2026-10-02T07:42:35.474Z""","API","gate.correct","NUMERIC","1","","Predicted 6800, confirmed 6800","{}","","invoice_confirmation","","[]","default",""
"35630aeea018c3d9","f13134ce669a97530701248c865751d2","","","""2026-10-02T07:42:31.117Z""","API","gate.correct","NUMERIC","1","","Predicted 6600, confirmed 6600","{}","","invoice_confirmation","","[]","default",""
"2d0c1593359094b8","001694f77f495741c47be92b3c38bce5","","","""2026-10-02T07:42:26.328Z""","API","gate.correct","NUMERIC","1","","Predicted 6100, confirmed 6100","{}","","invoice_confirmation","","[]","default",""
"4eff513dabea8a9b","dc6f73e45de1ab73ddd39114162cee01","","","""2026-10-02T07:42:20.941Z""","API","gate.correct","NUMERIC","1","","Predicted 6200, confirmed 6200","{}","","invoice_confirmation","","[]","default",""
"ded25ec5132b34dc","4a8cfff931f9da8677ae9bca8206d746","","","""2026-10-02T07:42:14.878Z""","API","gate.correct","NUMERIC","1","","Predicted 6600, confirmed 6600","{}","","invoice_confirmation","","[]","default",""
"0246a1d734f02027","6c4c1e12f760590f79a92c65bdec01ce","","","""2026-10-02T07:42:10.189Z""","API","gate.correct","NUMERIC","1","","Predicted 6100, confirmed 6100","{}","","invoice_confirmation","","[]","default",""
"c09a87ca37cdbdea","988725258698462f5c10715b71cce5a1","","","""2026-10-02T07:42:03.218Z""","API","gate.correct","NUMERIC","1","","Predicted 6700, confirmed 6700","{}","","invoice_confirmation","","[]","default",""
"c7b93ad8da6bb8f6","7abe6fe5ac12a162aba5c4f2578ed4f8","","","""2026-10-02T07:41:58.821Z""","API","gate.correct","NUMERIC","1","","Predicted 6200, confirmed 6200","{}","","invoice_confirmation","","[]","default",""
"36c140ec6ed0d6a7","7a5c06cd258bb2a7fe14635fe218fe4e","","","""2026-10-02T07:41:54.392Z""","API","gate.correct","NUMERIC","1","","Predicted 6800, confirmed 6800","{}","","invoice_confirmation","","[]","default",""
"b1ceba1876019f2d","5de04465316bdd209f1834b75b85504b","","","""2026-10-02T07:41:48.178Z""","API","gate.correct","NUMERIC","1","","Predicted 6200, confirmed 6200","{}","","invoice_confirmation","","[]","default",""
"a70c421cd237aee1","0e0171b9351ac219afed5302e4df28e1","","","""2026-10-02T07:41:43.717Z""","API","gate.correct","NUMERIC","1","","Predicted 6800, confirmed 6800","{}","","invoice_confirmation","","[]","default",""
"5f51c7964854bdd1","f5471dccb4d7b667e9ae34fd4d6a8552","","","""2026-10-02T07:41:39.483Z""","API","gate.correct","NUMERIC","1","","Predicted 6800, confirmed 6800","{}","","invoice_confirmation","","[]","default",""
"2abaf1c0c5fbed75","c5acb9258aa5be0b85074d21a27fe41e","","","""2026-10-02T07:41:34.430Z""","API","gate.correct","NUMERIC","1","","Predicted 6700, confirmed 6700","{}","","invoice_confirmation","","[]","default",""
"656d9fdf1ea996c2","e9217ae5e2751cf296a82db487704d7b","","","""2026-10-02T07:41:28.693Z""","API","gate.correct","NUMERIC","1","","Predicted 6800, confirmed 6800","{}","","invoice_confirmation","","[]","default",""
"417772f75591e7d1","1c7df357560158c58252088f3d8ca034","","","""2026-10-02T07:41:23.197Z""","API","gate.correct","NUMERIC","1","","Predicted 6600, confirmed 6600","{}","","invoice_confirmation","","[]","default",""
"25e937a13675b8e5","ee82df69af946fc34e3983300c386d50","","","""2026-10-02T07:41:17.769Z""","API","gate.correct","NUMERIC","1","","Predicted 6500, confirmed 6500","{}","","invoice_confirmation","","[]","default",""
"840c52142a5a18c1","4eaaaeb45e2d0ed76e5b644ce80b2a12","","","""2026-10-02T07:41:12.737Z""","API","gate.correct","NUMERIC","1","","Predicted 7100, confirmed 7100","{}","","invoice_confirmation","","[]","default",""
"7ebf2267d4f74d65","bff50fb475036a7e80db8385255f1822","","","""2026-10-02T07:41:07.934Z""","API","gate.correct","NUMERIC","1","","Predicted 6300, confirmed 6300","{}","","invoice_confirmation","","[]","default",""
"def8ed3d9de9db35","2610fb055e4d2ee2df50d799a4c02588","","","""2026-10-02T07:41:02.491Z""","API","gate.correct","NUMERIC","1","","Predicted 6600, confirmed 6600","{}","","invoice_confirmation","","[]","default",""
"7565d506d8196dd4","316b4aadb3738015ff1797a200b873a6","","","""2026-10-02T07:40:57.218Z""","API","gate.correct","NUMERIC","1","","Predicted 6700, confirmed 6700","{}","","invoice_confirmation","","[]","default",""
"01a3500e07567983","1d5e259098a0a51686bb266c66ba66dc","","","""2026-10-02T07:40:52.475Z""","API","gate.correct","NUMERIC","1","","Predicted 6300, confirmed 6300","{}","","invoice_confirmation","","[]","default",""
"b6c30e12a69bb487","e9059ec2a7685dd4104e9ad264d47316","","","""2026-10-02T07:40:45.230Z""","API","gate.correct","NUMERIC","1","","Predicted 7100, confirmed 7100","{}","","invoice_confirmation","","[]","default",""
"577a22c3e740311f","1047a15f8cb45fb6d0bd3589abc01ad1","","","""2026-10-02T07:40:39.696Z""","API","gate.correct","NUMERIC","1","","Predicted 6700, confirmed 6700","{}","","invoice_confirmation","","[]","default",""
"96ae9fd51dcf2a54","53a5be3c39c46d52686fc22135e7f341","","","""2026-10-02T07:40:33.230Z""","API","gate.correct","NUMERIC","1","","Predicted 6500, confirmed 6500","{}","","invoice_confirmation","","[]","default",""
"463fdaa68e6b172a","f9a96b50e8a80f469ea8fde888c0adf2","","","""2026-10-02T07:40:27.871Z""","API","gate.correct","NUMERIC","1","","Predicted 6200, confirmed 6200","{}","","invoice_confirmation","","[]","default",""
"2144a624fe59accf","439a5e88b4fd76f38414bd65b1032e94","","","""2026-10-02T07:40:22.422Z""","API","gate.correct","NUMERIC","1","","Predicted 6600, confirmed 6600","{}","","invoice_confirmation","","[]","default",""
"6421058849817eb9","9ecd4cbe9db1907873422ac5fe744640","","","""2026-10-02T07:40:16.644Z""","API","gate.correct","NUMERIC","1","","Predicted 6300, confirmed 6300","{}","","invoice_confirmation","","[]","default",""
"abcadd55c16bc214","61e52239fe5119cc6fa09680593d6193","","","""2026-10-02T07:40:08.463Z""","API","gate.correct","NUMERIC","1","","Predicted 6800, confirmed 6800","{}","","invoice_confirmation","","[]","default",""
"f9b9a35999b9d017","b2ca15e00c51c28112373dc36e0dcc72","","","""2026-10-02T07:40:03.031Z""","API","gate.correct","NUMERIC","1","","Predicted 6800, confirmed 6800","{}","","invoice_confirmation","","[]","default",""
"60a6ce4b9c62e0c2","f953ad281a776b2b439f2c37e5877d40","","","""2026-10-02T07:39:57.176Z""","API","gate.correct","NUMERIC","1","","Predicted 6600, confirmed 6600","{}","","invoice_confirmation","","[]","default",""
"faf3715ed36db250","8f9e0815d5bbc4e1b8e55f22f3ab5d7c","","","""2026-10-02T07:39:52.130Z""","API","gate.correct","NUMERIC","1","","Predicted 6200, confirmed 6200","{}","","invoice_confirmation","","[]","default",""
"adad4e0d9781b0a6","b1972dd8dbe8ce9b9ce6069d9a03ce70","","","""2026-10-02T07:39:46.262Z""","API","gate.correct","NUMERIC","1","","Predicted 6800, confirmed 6800","{}","","invoice_confirmation","","[]","default",""
"dec5cc4859e0b20d","36b0fa05bc8182e86c5f1135637b3da2","","","""2026-10-02T07:39:40.774Z""","API","gate.correct","NUMERIC","1","","Predicted 6600, confirmed 6600","{}","","invoice_confirmation","","[]","default",""
"c60f2d52dfeae0fc","2bb326a970e53f509128c108913433a4","","","""2026-10-02T07:39:35.582Z""","API","gate.correct","NUMERIC","1","","Predicted 6300, confirmed 6300","{}","","invoice_confirmation","","[]","default",""
"a89585f71eff2186","e052574ef995159bd0ea8a7b7ccc3e0c","","","""2026-10-02T07:39:29.778Z""","API","gate.correct","NUMERIC","1","","Predicted 6200, confirmed 6200","{}","","invoice_confirmation","","[]","default",""
"c25c5de87934bada","374efc11b5044b5f9096be3a9d1ecacc","","","""2026-10-02T07:39:25.158Z""","API","gate.correct","NUMERIC","1","","Predicted 6100, confirmed 6100","{}","","invoice_confirmation","","[]","default",""
"2cca042f8417b648","9b5e0c6e936fab14da94d7c4c95eef41","","","""2026-10-02T07:39:19.055Z""","API","gate.correct","NUMERIC","1","","Predicted 6100, confirmed 6100","{}","","invoice_confirmation","","[]","default",""
"8f94afc8af9b0e43","efbe7ba76c23fccedf61bcc9702b58fc","","","""2026-10-02T07:39:13.381Z""","API","gate.correct","NUMERIC","1","","Predicted 6300, confirmed 6300","{}","","invoice_confirmation","","[]","default",""
"b511aad331a2044e","3d24b997abfc473da75b023fe728433e","","","""2026-10-02T07:39:08.197Z""","API","gate.correct","NUMERIC","1","","Predicted 6500, confirmed 6500","{}","","invoice_confirmation","","[]","default",""
"801199986b47c9c1","89e24949e12892f07d60d3ec148a3ab9","","","""2026-10-02T07:39:02.557Z""","API","gate.correct","NUMERIC","1","","Predicted 6800, confirmed 6800","{}","","invoice_confirmation","","[]","default",""
"496240122cfd7f2f","4d8e8dc5e6038d44e5efb62b318c4cfd","","","""2026-10-02T07:38:57.033Z""","API","gate.correct","NUMERIC","1","","Predicted 6500, confirmed 6500","{}","","invoice_confirmation","","[]","default",""
"6f6d41ee8c6830fe","e62a0b29fba15fa707bb4452e6c9e60f","","","""2026-10-02T07:38:51.532Z""","API","gate.correct","NUMERIC","1","","Predicted 6400, confirmed 6400","{}","","invoice_confirmation","","[]","default",""
"c2e0f008400c8fa6","b7592e0a2f6ab5281fe474ee0739f42c","","","""2026-10-02T07:38:45.907Z""","API","gate.correct","NUMERIC","1","","Predicted 6800, confirmed 6800","{}","","invoice_confirmation","","[]","default",""
"9704b06116d3a922","f74559beb186abd2c79f9d6595830060","","","""2026-10-02T07:38:39.945Z""","API","gate.correct","NUMERIC","1","","Predicted 6800, confirmed 6800","{}","","invoice_confirmation","","[]","default",""
"f89bfb27a207fbf9","cd5c9c4b6f59336bd5439e30906ecb90","","","""2026-10-02T07:38:34.382Z""","API","gate.correct","NUMERIC","1","","Predicted 6700, confirmed 6700","{}","","invoice_confirmation","","[]","default",""
"02a29b02e2a2f376","dd1b358b67908c8b6f4eaee73bd02623","","","""2026-10-02T07:38:28.679Z""","API","gate.correct","NUMERIC","1","","Predicted 6100, confirmed 6100","{}","","invoice_confirmation","","[]","default",""
"ae2f1aef594def3c","07f140a7609ac954da0568666eba49c0","","","""2026-10-02T07:38:23.209Z""","API","gate.correct","NUMERIC","1","","Predicted 6500, confirmed 6500","{}","","invoice_confirmation","","[]","default",""
"a3dd0d10952695a2","b25bd7edeb9b6bb4a0d555c04da46f8c","","","""2026-10-02T07:38:18.637Z""","API","gate.correct","NUMERIC","1","","Predicted 6500, confirmed 6500","{}","","invoice_confirmation","","[]","default",""
"fca172ea46cf4b1e","c18dc97af95ed04186af630304e76923","","","""2026-10-02T07:38:12.476Z""","API","gate.correct","NUMERIC","1","","Predicted 6700, confirmed 6700","{}","","invoice_confirmation","","[]","default",""
"8c25b8b1d8c7fd92","d829489f8d33832064e242c5f4a8c3f2","","","""2026-10-02T07:38:06.879Z""","API","gate.correct","NUMERIC","1","","Predicted 6500, confirmed 6500","{}","","invoice_confirmation","","[]","default",""
"5071d7a231a1b809","5f7e0b84f7d7fa283dd95737158437ec","","","""2026-10-02T07:38:01.397Z""","API","gate.correct","NUMERIC","1","","Predicted 7100, confirmed 7100","{}","","invoice_confirmation","","[]","default",""
"2c710f02625e59da","9158e2191ec3173d49cbd2f42c2fc731","","","""2026-10-02T07:37:55.900Z""","API","gate.correct","NUMERIC","1","","Predicted 6800, confirmed 6800","{}","","invoice_confirmation","","[]","default",""
"f0300f38ef524e2d","418f772b74e000d908ec64f9fe547627","","","""2026-10-02T07:37:51.004Z""","API","gate.correct","NUMERIC","1","","Predicted 6700, confirmed 6700","{}","","invoice_confirmation","","[]","default",""
"58fed9ba58091f5c","68af9a0b87f25f55890f0ee08550649b","","","""2026-10-02T07:37:44.786Z""","API","gate.correct","NUMERIC","1","","Predicted 6700, confirmed 6700","{}","","invoice_confirmation","","[]","default",""
"415d6278d10ca1f0","c2642244367d252f0a84315dfb3dce3b","","","""2026-10-02T07:37:35.328Z""","API","gate.correct","NUMERIC","1","","Predicted 6800, confirmed 6800","{}","","invoice_confirmation","","[]","default",""
"2a8dfcad8dea3400","bc5802efe463b245a8c88960a31a9136","","","""2026-10-02T07:37:29.820Z""","API","gate.correct","NUMERIC","1","","Predicted 6600, confirmed 6600","{}","","invoice_confirmation","","[]","default",""
"a724e9435b75779e","9f086137b851d73e45515487551ef825","","","""2026-10-02T07:37:24.553Z""","API","gate.correct","NUMERIC","1","","Predicted 6800, confirmed 6800","{}","","invoice_confirmation","","[]","default",""
"3dda089ec099a1c1","cf1c0f5b8be013611716b2d413358831","","","""2026-10-02T07:37:18.108Z""","API","gate.correct","NUMERIC","1","","Predicted 6800, confirmed 6800","{}","","invoice_confirmation","","[]","default",""
"368653c5950557d4","29fc7244471a33fa62b18f865b1e45da","","","""2026-10-02T07:37:12.441Z""","API","gate.correct","NUMERIC","1","","Predicted 6300, confirmed 6300","{}","","invoice_confirmation","","[]","default",""
"7bbd06b71d6362f7","19ba708649db302240c5c86741d032c3","","","""2026-10-02T07:37:07.276Z""","API","gate.correct","NUMERIC","1","","Predicted 6200, confirmed 6200","{}","","invoice_confirmation","","[]","default",""
"a3f1e74d50c94dec","bc40cefe3f350cc00d4b41e6b914383e","","","""2026-10-02T07:36:58.597Z""","API","gate.correct","NUMERIC","1","","Predicted 6300, confirmed 6300","{}","","invoice_confirmation","","[]","default",""
"f42f1e88aa8e1518","37c83c07e84e0243ac348a071f1b47f0","","","""2026-10-02T07:36:53.337Z""","API","gate.correct","NUMERIC","1","","Predicted 7100, confirmed 7100","{}","","invoice_confirmation","","[]","default",""
"0d3c0813f1f58c42","e35d9084c76fd22fe5450de0ae0da981","","","""2026-10-02T07:36:47.866Z""","API","gate.correct","NUMERIC","1","","Predicted 6800, confirmed 6800","{}","","invoice_confirmation","","[]","default",""
"918bdbc0f8e33212","7aa23f418e06f40f89799f7a83ef4948","","","""2026-10-02T07:36:42.821Z""","API","gate.correct","NUMERIC","1","","Predicted 6100, confirmed 6100","{}","","invoice_confirmation","","[]","default",""
"c94e2d628a91c228","2e050171373189793006d035c7f16c24","","","""2026-10-02T07:36:33.833Z""","API","gate.correct","NUMERIC","1","","Predicted 6800, confirmed 6800","{}","","invoice_confirmation","","[]","default",""
"e4af319e55e35e2d","3042c0d385f517d18971f1831e8a9f46","","","""2026-10-02T07:36:28.273Z""","API","gate.correct","NUMERIC","1","","Predicted 6100, confirmed 6100","{}","","invoice_confirmation","","[]","default",""
"cbb62c5c9b65bfbe","5239525b93e03c9ec70ae47c99d548be","","","""2026-10-02T07:36:22.830Z""","API","gate.correct","NUMERIC","1","","Predicted 6300, confirmed 6300","{}","","invoice_confirmation","","[]","default",""
"e23df3aed88a86bd","99b55425dd906dbd162cfd4f903422f7","","","""2026-10-02T07:36:17.282Z""","API","gate.correct","NUMERIC","1","","Predicted 6800, confirmed 6800","{}","","invoice_confirmation","","[]","default",""
"d10fb4b22f1124cc","0950067f57cabc7022167f66b93a2302","","","""2026-10-02T07:36:12.856Z""","API","gate.correct","NUMERIC","1","","Predicted 6500, confirmed 6500","{}","","invoice_confirmation","","[]","default",""
"bb1055c4d04649ee","370a83f0e5c389871fb5b1c62107fcbb","","","""2026-10-02T07:36:08.617Z""","API","gate.correct","NUMERIC","1","","Predicted 6100, confirmed 6100","{}","","invoice_confirmation","","[]","default",""
"b2cd6914cb00fa77","aab9fcc7baaccf5212ca07d2117021d0","","","""2026-10-02T07:36:03.391Z""","API","gate.correct","NUMERIC","1","","Predicted 6500, confirmed 6500","{}","","invoice_confirmation","","[]","default",""
"51030f0fc81e1b28","30653bd1c4885f61c58b422cd35555d7","","","""2026-10-02T07:35:57.828Z""","API","gate.correct","NUMERIC","1","","Predicted 6800, confirmed 6800","{}","","invoice_confirmation","","[]","default",""
"035914df73fd4a1c","ea21970065ceafe01ff18b4ab1e19ba6","","","""2026-10-02T07:35:52.253Z""","API","gate.correct","NUMERIC","1","","Predicted 6100, confirmed 6100","{}","","invoice_confirmation","","[]","default",""
"131b0be6a5ff5e60","d21b110ec4d52535a128a552127a8d77","","","""2026-10-02T07:35:46.871Z""","API","gate.correct","NUMERIC","1","","Predicted 6300, confirmed 6300","{}","","invoice_confirmation","","[]","default",""
"788a686920e101e3","ab67a39c88a5a147d38596d5d32895f7","","","""2026-10-02T07:35:41.516Z""","API","gate.correct","NUMERIC","1","","Predicted 6400, confirmed 6400","{}","","invoice_confirmation","","[]","default",""
"cdc3b5f063a3eab4","578f7666a26876133cc96d52f765bc90","","","""2026-10-02T07:35:35.956Z""","API","gate.correct","NUMERIC","1","","Predicted 6500, confirmed 6500","{}","","invoice_confirmation","","[]","default",""
"f1d57cc55e93cb98","170c460d3dc6fe1425ddb2c87308920f","","","""2026-10-02T07:35:30.526Z""","API","gate.correct","NUMERIC","1","","Predicted 6200, confirmed 6200","{}","","invoice_confirmation","","[]","default",""
"34ca14066aad88c4","2a6237aad64869680d1e78e1fe0d74be","","","""2026-10-02T07:35:25.066Z""","API","gate.correct","NUMERIC","1","","Predicted 6800, confirmed 6800","{}","","invoice_confirmation","","[]","default",""
"aac71b0a572ebd1c","140586a313d0740d7dc411921c4a51d8","","","""2026-10-02T07:35:18.811Z""","API","gate.correct","NUMERIC","1","","Predicted 6100, confirmed 6100","{}","","invoice_confirmation","","[]","default",""
"45ab3425f13a04fc","eda4ad90d13e55699cd580853bb69105","","","""2026-10-02T07:35:10.325Z""","API","gate.correct","NUMERIC","1","","Predicted 6300, confirmed 6300","{}","","invoice_confirmation","","[]","default",""
"7db2e4dbc000b6c3","c60da4879555fdac7659858a80abe45a","","","""2026-10-02T07:35:02.767Z""","API","gate.correct","NUMERIC","1","","Predicted 6500, confirmed 6500","{}","","invoice_confirmation","","[]","default",""
"db9f4848614d06a1","f90ab4f71ec608e46e2cb3bcd6dd23f7","","","""2026-10-02T07:34:57.057Z""","API","gate.correct","NUMERIC","1","","Predicted 6100, confirmed 6100","{}","","invoice_confirmation","","[]","default",""
"bff0215dd3b72ad1","3918631b4719d0e985c50326cf0bda94","","","""2026-10-02T07:34:52.657Z""","API","gate.correct","NUMERIC","1","","Predicted 6500, confirmed 6500","{}","","invoice_confirmation","","[]","default",""
"9edddd4c05029c2c","59210c175a3f6287827104de7bbb25bf","","","""2026-10-02T07:34:47.226Z""","API","gate.correct","NUMERIC","1","","Predicted 7100, confirmed 7100","{}","","invoice_confirmation","","[]","default",""
"a0490d58f11cfbe0","ee0683660313d84b7c11b5b442419cba","","","""2026-10-02T07:34:42.986Z""","API","gate.correct","NUMERIC","1","","Predicted 6500, confirmed 6500","{}","","invoice_confirmation","","[]","default",""
"e6eeb18585caa1a1","429a03aba21dc37c0e8c8d0ca447fd5a","","","""2026-10-02T07:34:37.341Z""","API","gate.correct","NUMERIC","1","","Predicted 6800, confirmed 6800","{}","","invoice_confirmation","","[]","default",""
"646037fb982b7181","5eeb8167d969d9e98b8be0f642798e10","","","""2026-10-02T07:34:31.758Z""","API","gate.correct","NUMERIC","1","","Predicted 6500, confirmed 6500","{}","","invoice_confirmation","","[]","default",""
"cd2989e1187682c9","7343e0f98d0c23d604eb90b2ea9f60f6","","","""2026-10-02T07:34:27.487Z""","API","gate.correct","NUMERIC","1","","Predicted 6600, confirmed 6600","{}","","invoice_confirmation","","[]","default",""
"1e8144d2b864ba09","0e9a9a04cfa8e571af09e282318d0711","","","""2026-10-02T07:34:22.807Z""","API","gate.correct","NUMERIC","1","","Predicted 6500, confirmed 6500","{}","","invoice_confirmation","","[]","default",""
"57c6caf1007e3e8b","6e5299ca81c3ee0e358e7ec2745b9ad4","","","""2026-10-02T07:34:17.362Z""","API","gate.correct","NUMERIC","1","","Predicted 6800, confirmed 6800","{}","","invoice_confirmation","","[]","default",""
"9d945aae21a2b39e","41607a41ea7332709b46ff78c638cd01","","","""2026-10-02T07:34:12.324Z""","API","gate.correct","NUMERIC","1","","Predicted 6100, confirmed 6100","{}","","invoice_confirmation","","[]","default",""
"ac741447bb4596b9","47f402ac6ce9e36531c85ed0757be1b9","","","""2026-10-02T07:34:06.920Z""","API","gate.correct","NUMERIC","1","","Predicted 6600, confirmed 6600","{}","","invoice_confirmation","","[]","default",""
"a42c8f3aafebaf1a","2dca9daef615ad1d33d53eaf88a24cde","","","""2026-10-02T07:34:01.521Z""","API","gate.correct","NUMERIC","1","","Predicted 6200, confirmed 6200","{}","","invoice_confirmation","","[]","default",""
"421a48ff125360ad","503e3551fd3f3dd984850ccdd5235f6b","","","""2026-10-02T07:33:56.033Z""","API","gate.correct","NUMERIC","1","","Predicted 6700, confirmed 6700","{}","","invoice_confirmation","","[]","default",""
"84e223c29013a6a7","f64ce0d992075d98003a2c0b47522487","","","""2026-10-02T07:33:50.558Z""","API","gate.correct","NUMERIC","1","","Predicted 6200, confirmed 6200","{}","","invoice_confirmation","","[]","default",""
"f5b00b05260a2b43","81df13a0b5dfdc1268649bf02de8afdc","","","""2026-10-02T07:33:45.878Z""","API","gate.correct","NUMERIC","1","","Predicted 6200, confirmed 6200","{}","","invoice_confirmation","","[]","default",""
"97914f4f315fb44c","3bf3668d60f3d44fa777d7d0503286dc","","","""2026-10-02T07:33:38.631Z""","API","gate.correct","NUMERIC","1","","Predicted 6300, confirmed 6300","{}","","invoice_confirmation","","[]","default",""
"8519a68634abafde","74ca954427f307e5cb5d4961928bd0af","","","""2026-10-02T07:33:33.123Z""","API","gate.correct","NUMERIC","1","","Predicted 7100, confirmed 7100","{}","","invoice_confirmation","","[]","default",""
"44b3a3ca3899b29e","88de92b944808ee45b2a2338515fdf00","","","""2026-10-02T07:33:28.801Z""","API","gate.correct","NUMERIC","1","","Predicted 6700, confirmed 6700","{}","","invoice_confirmation","","[]","default",""
"1a27c11a8e044c8a","61a326c7fdb7c8a9a6b97864b0972338","","","""2026-10-02T07:33:23.460Z""","API","gate.correct","NUMERIC","1","","Predicted 6100, confirmed 6100","{}","","invoice_confirmation","","[]","default",""
"7a319a7bac5faa47","8d6bd915e7de65aa4d72f65f805ea45c","","","""2026-10-02T07:33:19.159Z""","API","gate.correct","NUMERIC","1","","Predicted 7100, confirmed 7100","{}","","invoice_confirmation","","[]","default",""
"05e6c74bc5c71a2e","496c652bf7f3a5ad08871661ad751efa","","","""2026-10-02T07:33:13.782Z""","API","gate.correct","NUMERIC","1","","Predicted 6300, confirmed 6300","{}","","invoice_confirmation","","[]","default",""
"9c7484b08ccf76e1","5ead7551fe6e10187b0b0ed7a7239d52","","","""2026-10-02T07:33:08.311Z""","API","gate.correct","NUMERIC","1","","Predicted 7100, confirmed 7100","{}","","invoice_confirmation","","[]","default",""
"3563f0bfae359d3c","3c2013bc4a5ca8ffa05fff236323f93b","","","""2026-10-02T07:33:03.964Z""","API","gate.correct","NUMERIC","1","","Predicted 6700, confirmed 6700","{}","","invoice_confirmation","","[]","default",""
"b46f6690e4e2d064","4d6b257ed2d28361863815396cbc4231","","","""2026-10-02T07:32:59.815Z""","API","gate.correct","NUMERIC","1","","Predicted 7100, confirmed 7100","{}","","invoice_confirmation","","[]","default",""
"18fab412c129f46f","48668592928c32bf9aecb59d00748aee","","","""2026-10-02T07:32:55.666Z""","API","gate.correct","NUMERIC","1","","Predicted 6700, confirmed 6700","{}","","invoice_confirmation","","[]","default",""
"219b67cf756876dc","fa074f7f57707c88c84835f69827ff4c","","","""2026-10-02T07:32:50.289Z""","API","gate.correct","NUMERIC","1","","Predicted 6400, confirmed 6400","{}","","invoice_confirmation","","[]","default",""
"cd6fb53e79f6dcdf","2bcaaceede40d9b2a059e7793f5cd585","","","""2026-10-02T07:32:46.000Z""","API","gate.correct","NUMERIC","1","","Predicted 6500, confirmed 6500","{}","","invoice_confirmation","","[]","default",""
"94aabffa8e8617c6","a08a4cdb1cfb12d82af974bdaf602f7d","","","""2026-10-02T07:32:41.732Z""","API","gate.correct","NUMERIC","1","","Predicted 6700, confirmed 6700","{}","","invoice_confirmation","","[]","default",""
"0b60c77173e10366","ef23fcc17485f64e680eabdf0e86828b","","","""2026-10-02T07:32:36.328Z""","API","gate.correct","NUMERIC","1","","Predicted 6200, confirmed 6200","{}","","invoice_confirmation","","[]","default",""
"cf0592aea5827ce2","205c912b0c477ddcf38a820bc5f9da42","","","""2026-10-02T07:32:30.939Z""","API","gate.correct","NUMERIC","1","","Predicted 6200, confirmed 6200","{}","","invoice_confirmation","","[]","default",""
"67c69c826f75afab","656b2f3dbb8413be8d2360a8351885e3","","","""2026-10-02T07:32:25.447Z""","API","gate.correct","NUMERIC","1","","Predicted 6400, confirmed 6400","{}","","invoice_confirmation","","[]","default",""
"f2a884663eb517fb","46755f3040c552703f57b0b136867b7b","","","""2026-10-02T07:32:20.129Z""","API","gate.correct","NUMERIC","1","","Predicted 6300, confirmed 6300","{}","","invoice_confirmation","","[]","default",""
"107acf27f1f630c9","04a3483a6ac16a257d109afea4182410","","","""2026-10-02T07:32:14.759Z""","API","gate.correct","NUMERIC","1","","Predicted 6600, confirmed 6600","{}","","invoice_confirmation","","[]","default",""
"85e50a3f5aa42ed1","0dcb5c0b613c8d34611493bae5a771a3","","","""2026-10-02T07:32:06.954Z""","API","gate.correct","NUMERIC","1","","Predicted 7100, confirmed 7100","{}","","invoice_confirmation","","[]","default",""
"d96eb7f0aa4ec566","a222ec31dbf3bcfb629d8da5796c5123","","","""2026-10-02T07:32:01.582Z""","API","gate.correct","NUMERIC","1","","Predicted 6700, confirmed 6700","{}","","invoice_confirmation","","[]","default",""
"121ae5d4ab5feddf","f7ae23efa7495558a60eb030700f84c1","","","""2026-10-02T07:31:57.203Z""","API","gate.correct","NUMERIC","1","","Predicted 6100, confirmed 6100","{}","","invoice_confirmation","","[]","default",""
"0e241d74d48824c0","ec1192728294d16cb2bd58792d44365b","","","""2026-10-02T07:31:51.787Z""","API","gate.correct","NUMERIC","1","","Predicted 6600, confirmed 6600","{}","","invoice_confirmation","","[]","default",""
"b4611ac4c9fb09f5","2140a8ca38c6cb6afcc491655b314fcd","","","""2026-10-02T07:31:46.359Z""","API","gate.correct","NUMERIC","1","","Predicted 6600, confirmed 6600","{}","","invoice_confirmation","","[]","default",""
"1789d3b58639ceee","7da69ae47860323c292dd6ded1e81df4","","","""2026-10-02T07:31:40.851Z""","API","gate.correct","NUMERIC","1","","Predicted 6500, confirmed 6500","{}","","invoice_confirmation","","[]","default",""
"d312ffcec9c075a1","30d26abcf4cdbfb9d551dfb1d037d866","","","""2026-10-02T07:31:35.604Z""","API","gate.correct","NUMERIC","1","","Predicted 6600, confirmed 6600","{}","","invoice_confirmation","","[]","default",""
"ebdbadd55affe41c","093ace1cce52abde9dae2b3cb4b82c94","","","""2026-10-02T07:31:29.895Z""","API","gate.correct","NUMERIC","1","","Predicted 6100, confirmed 6100","{}","","invoice_confirmation","","[]","default",""
"6945adee8756bcdf","bfad70d44b8ec94d31ebe038ede3da00","","","""2026-10-02T07:31:24.648Z""","API","gate.correct","NUMERIC","1","","Predicted 6500, confirmed 6500","{}","","invoice_confirmation","","[]","default",""
"18e367bd92e2b721","7044cb74930ed15d28782ce0b141dd99","","","""2026-10-02T07:31:19.048Z""","API","gate.correct","NUMERIC","1","","Predicted 6400, confirmed 6400","{}","","invoice_confirmation","","[]","default",""
"0d84a4c3c08a5773","d28099e95f1cf886590486d418d6f6c5","","","""2026-10-02T07:31:14.556Z""","API","gate.correct","NUMERIC","1","","Predicted 6700, confirmed 6700","{}","","invoice_confirmation","","[]","default",""
"670b0063c9c5d84f","6a282dd58f12603fd8bbba7d07f031cb","","","""2026-10-02T07:31:09.339Z""","API","gate.correct","NUMERIC","1","","Predicted 6100, confirmed 6100","{}","","invoice_confirmation","","[]","default",""
"82afae9fe1e9d98d","31f82e673a407d35602b8d18737a373b","","","""2026-10-02T07:31:04.841Z""","API","gate.correct","NUMERIC","1","","Predicted 6700, confirmed 6700","{}","","invoice_confirmation","","[]","default",""
"3ab3f9217f263f40","dfb83e9954d8a27b0156b702ca321850","","","""2026-10-02T07:30:59.549Z""","API","gate.correct","NUMERIC","1","","Predicted 6600, confirmed 6600","{}","","invoice_confirmation","","[]","default",""
"887606e71116b208","9787788e88c7658a2d08ea6d5112bc47","","","""2026-10-02T07:30:54.845Z""","API","gate.correct","NUMERIC","1","","Predicted 7100, confirmed 7100","{}","","invoice_confirmation","","[]","default",""
"cc25173da491d625","19c50f633652583130de76d5d88fb85b","","","""2026-10-02T07:30:48.712Z""","API","gate.correct","NUMERIC","1","","Predicted 7100, confirmed 7100","{}","","invoice_confirmation","","[]","default",""
"96abe96f4057c605","2718e8acf1e24046a2baf93755b6ee37","","","""2026-10-02T07:30:43.939Z""","API","gate.correct","NUMERIC","1","","Predicted 6700, confirmed 6700","{}","","invoice_confirmation","","[]","default",""
"6e62fd9bccfa54c8","831254d235ae75fc9fcb7b53e0dd36d3","","","""2026-10-02T07:30:38.778Z""","API","gate.correct","NUMERIC","1","","Predicted 6400, confirmed 6400","{}","","invoice_confirmation","","[]","default",""
"d087376b6326e61b","43aa5c2de2d772788fce12410d7f3222","","","""2026-10-02T07:30:33.633Z""","API","gate.correct","NUMERIC","1","","Predicted 6100, confirmed 6100","{}","","invoice_confirmation","","[]","default",""
"76bf583c29ceb228","e754438dedcaac79f91b8589d61ba7be","","","""2026-10-02T07:30:27.763Z""","API","gate.correct","NUMERIC","1","","Predicted 6800, confirmed 6800","{}","","invoice_confirmation","","[]","default",""
"9585a1432d000dea","a5a34cfbeedf6e42ad9b2b140374aa24","","","""2026-10-02T07:30:23.170Z""","API","gate.correct","NUMERIC","1","","Predicted 6500, confirmed 6500","{}","","invoice_confirmation","","[]","default",""
"6fed217ac484a405","1d794a38df426ff1f46b78b6ae79cb16","","","""2026-10-02T07:30:17.766Z""","API","gate.correct","NUMERIC","1","","Predicted 6800, confirmed 6800","{}","","invoice_confirmation","","[]","default",""
"254066ccdd86e240","4e12088abd406aa69b6fb2312d744af8","","","""2026-10-02T07:30:12.575Z""","API","gate.correct","NUMERIC","1","","Predicted 6400, confirmed 6400","{}","","invoice_confirmation","","[]","default",""
"802bf7205642aea4","d799b7232615a110784a571cfd3071dd","","","""2026-10-02T07:30:08.085Z""","API","gate.correct","NUMERIC","1","","Predicted 6300, confirmed 6300","{}","","invoice_confirmation","","[]","default",""
"fd5ddaa8bef92bf3","2c9375911cbb2bfea353da9c52068476","","","""2026-10-02T07:30:02.698Z""","API","gate.correct","NUMERIC","1","","Predicted 6100, confirmed 6100","{}","","invoice_confirmation","","[]","default",""
"a4cb701d15715b30","31d4fc2b42bb680e84d195259be19900","","","""2026-10-02T07:29:57.269Z""","API","gate.correct","NUMERIC","1","","Predicted 6800, confirmed 6800","{}","","invoice_confirmation","","[]","default",""
"7d9db12d053e3c58","9cef0c7c6f5a30f68f1ba6cc4bf75701","","","""2026-10-02T07:29:51.865Z""","API","gate.correct","NUMERIC","1","","Predicted 6400, confirmed 6400","{}","","invoice_confirmation","","[]","default",""
"2dd9aac634d14c18","97a33f7d34bbe806caefd1ac53a05100","","","""2026-10-02T07:29:46.245Z""","API","gate.correct","NUMERIC","1","","Predicted 6800, confirmed 6800","{}","","invoice_confirmation","","[]","default",""
"13ea308cd834b077","ae475b4b08a5d8e2a6ec54ed7373bb72","","","""2026-10-02T07:29:40.730Z""","API","gate.correct","NUMERIC","1","","Predicted 6400, confirmed 6400","{}","","invoice_confirmation","","[]","default",""
"ce4cdee7b3818c4f","270b5c22b33ce2dbc159964ede34751a","","","""2026-10-02T07:29:36.456Z""","API","gate.correct","NUMERIC","1","","Predicted 7100, confirmed 7100","{}","","invoice_confirmation","","[]","default",""
"7ad9eb03b1728a5a","565d57aead8e6b0a34c5e4a1b715140a","","","""2026-10-02T07:29:31.215Z""","API","gate.correct","NUMERIC","1","","Predicted 6500, confirmed 6500","{}","","invoice_confirmation","","[]","default",""
"b7f9e46fb16ef909","0c5c9cf781116e15a6e0b3d03d19bfbc","","","""2026-10-02T07:29:25.578Z""","API","gate.correct","NUMERIC","1","","Predicted 6200, confirmed 6200","{}","","invoice_confirmation","","[]","default",""
"23bd4326e5b50583","36f0a60a515e72bbd04b25f1fce52a40","","","""2026-10-02T07:29:20.135Z""","API","gate.correct","NUMERIC","1","","Predicted 6600, confirmed 6600","{}","","invoice_confirmation","","[]","default",""
"29cebf3a05b8709e","3ba846c1e46a9a75ca093967cc6e4947","","","""2026-10-02T07:29:15.823Z""","API","gate.correct","NUMERIC","1","","Predicted 6800, confirmed 6800","{}","","invoice_confirmation","","[]","default",""
"cad6a5fe94a64733","8d79a66838ddb31fea9bae8a9b02c812","","","""2026-10-02T07:29:10.427Z""","API","gate.correct","NUMERIC","1","","Predicted 7100, confirmed 7100","{}","","invoice_confirmation","","[]","default",""
"c31f744908002ca4","b15218256e34555b206eb7365567af7b","","","""2026-10-02T07:29:05.101Z""","API","gate.correct","NUMERIC","1","","Predicted 6200, confirmed 6200","{}","","invoice_confirmation","","[]","default",""
"c7ab3241c4503bbf","c3d10588fa72257afcf3a7cee72cf69e","","","""2026-10-02T07:29:00.733Z""","API","gate.correct","NUMERIC","1","","Predicted 6400, confirmed 6400","{}","","invoice_confirmation","","[]","default",""
"8c7212dfe69e6eaa","dc3f04bf622f3f153f7ac5364ccbde6c","","","""2026-10-02T07:28:55.328Z""","API","gate.correct","NUMERIC","1","","Predicted 6500, confirmed 6500","{}","","invoice_confirmation","","[]","default",""
"6d5a8743384aac87","1e53858c9b48f44b870ac1228ca6b1b5","","","""2026-10-02T07:28:51.069Z""","API","gate.correct","NUMERIC","1","","Predicted 7100, confirmed 7100","{}","","invoice_confirmation","","[]","default",""
"ac26a9626e976b2d","c6d12e667a914062f7f7fdab11e39376","","","""2026-10-02T07:28:45.723Z""","API","gate.correct","NUMERIC","1","","Predicted 6200, confirmed 6200","{}","","invoice_confirmation","","[]","default",""
"87c2943ef887712b","f616d9219e0fa40f18b76d898e60baca","","","""2026-10-02T07:28:40.238Z""","API","gate.correct","NUMERIC","1","","Predicted 6600, confirmed 6600","{}","","invoice_confirmation","","[]","default",""
"f52cad24fe01e959","4ea862e678f562415249820d84e903b6","","","""2026-10-02T07:28:35.319Z""","API","gate.correct","NUMERIC","1","","Predicted 7100, confirmed 7100","{}","","invoice_confirmation","","[]","default",""
"25770f7e157c8963","432cfb1592803b0631f42959091e3cac","","","""2026-10-02T07:28:29.431Z""","API","gate.correct","NUMERIC","1","","Predicted 6700, confirmed 6700","{}","","invoice_confirmation","","[]","default",""
"ee7c3757339fcb18","076f71e50f44e287680682f0bbd0da9c","","","""2026-10-02T07:28:23.776Z""","API","gate.correct","NUMERIC","1","","Predicted 6300, confirmed 6300","{}","","invoice_confirmation","","[]","default",""
"bc6c134011d2d59f","5063f0887d0fd116fb0880d10c178efd","","","""2026-10-02T07:28:18.437Z""","API","gate.correct","NUMERIC","1","","Predicted 6700, confirmed 6700","{}","","invoice_confirmation","","[]","default",""
"9fd8c7aefb76842f","41123ef9e92a047cec8efadaeeb2dfee","","","""2026-10-02T07:28:13.148Z""","API","gate.correct","NUMERIC","1","","Predicted 7100, confirmed 7100","{}","","invoice_confirmation","","[]","default",""
"8e6620bf1f37ee7c","b79e45d8cb820c0ac85e00748f1525e2","","","""2026-10-02T07:28:07.942Z""","API","gate.correct","NUMERIC","1","","Predicted 7100, confirmed 7100","{}","","invoice_confirmation","","[]","default",""
"4786eb217866233e","46a6071e257a2817bdb4ba4305b5b046","","","""2026-10-02T07:27:59.045Z""","API","gate.correct","NUMERIC","1","","Predicted 6700, confirmed 6700","{}","","invoice_confirmation","","[]","default",""
"98feafa7977e5f57","00f3e55f829b0750634bf667b60455d9","","","""2026-10-02T07:27:53.733Z""","API","gate.correct","NUMERIC","1","","Predicted 6500, confirmed 6500","{}","","invoice_confirmation","","[]","default",""
"34f7b7894993e94a","88d55cc72c46992f7b5dae316944e79d","","","""2026-10-02T07:27:48.763Z""","API","gate.correct","NUMERIC","1","","Predicted 6400, confirmed 6400","{}","","invoice_confirmation","","[]","default",""
"2e873cd06fed6f51","e3719a2564b3e36952ad42fdaae4435d","","","""2026-10-02T07:27:43.879Z""","API","gate.correct","NUMERIC","1","","Predicted 7100, confirmed 7100","{}","","invoice_confirmation","","[]","default",""
"7c7e35219df15b03","7afde7823defa28043f0bd4218e7ecaf","","","""2026-10-02T07:27:39.503Z""","API","gate.correct","NUMERIC","1","","Predicted 6100, confirmed 6100","{}","","invoice_confirmation","","[]","default",""
"25b2580c60181555","6c06733e34fc045b18f066bab85c42ae","","","""2026-10-02T07:27:34.471Z""","API","gate.correct","NUMERIC","1","","Predicted 6500, confirmed 6500","{}","","invoice_confirmation","","[]","default",""
"a7f6958c002201d2","524a397e4739238670e3d0332ae1e199","","","""2026-10-02T07:27:29.555Z""","API","gate.correct","NUMERIC","1","","Predicted 6500, confirmed 6500","{}","","invoice_confirmation","","[]","default",""
"12d5bdc79269d04e","c9f9fc70646c0b642229e4a1a559c97b","","","""2026-10-02T07:27:23.455Z""","API","gate.correct","NUMERIC","1","","Predicted 6500, confirmed 6500","{}","","invoice_confirmation","","[]","default",""
"5cdb6d9abf8b3584","e9b69121e37e6bfefe479109e7e1da2f","","","""2026-10-02T07:27:17.885Z""","API","gate.correct","NUMERIC","1","","Predicted 6400, confirmed 6400","{}","","invoice_confirmation","","[]","default",""
"7e5410b5842ce9e5","80e4273684e7bb1e59dcda76cc5f2309","","","""2026-10-02T07:27:12.346Z""","API","gate.correct","NUMERIC","1","","Predicted 6500, confirmed 6500","{}","","invoice_confirmation","","[]","default",""
"011384ec655026c3","906337b934962c971720c419a8fe3e28","","","""2026-10-02T07:27:06.910Z""","API","gate.correct","NUMERIC","1","","Predicted 7100, confirmed 7100","{}","","invoice_confirmation","","[]","default",""
"e00bfba9f423e2e8","5d8ee5e7ec67e43c1d5fd08d1b10850a","","","""2026-10-02T07:27:01.940Z""","API","gate.correct","NUMERIC","1","","Predicted 7100, confirmed 7100","{}","","invoice_confirmation","","[]","default",""
"c5ef7d966b460153","3fd5e35e3f9759f66e3955a9b0037c02","","","""2026-10-02T07:26:56.046Z""","API","gate.correct","NUMERIC","1","","Predicted 6200, confirmed 6200","{}","","invoice_confirmation","","[]","default",""
"192cd98a-a47f-45ca-81c9-f458d2836f0a","682e674db83e95bdf4774ab6445c699f","","","""2026-10-02T07:25:51.533Z""","API","gate.false_positive_rate","NUMERIC","0","","0 FP out of 828 auto-posts","{}","736f0dd879d5364f","invoice_prediction","","[]","default",""
"7b7ac19217392feb","eee2f92f3c6ad444437ee299c1cef1df","","","""2026-10-01T16:13:32.397Z""","API","gate.correct","NUMERIC","1","","Predicted 6600, confirmed 6600","{}","","invoice_confirmation","","[]","default",""
"69dfcffc0c08e1b3","bd40eda4f5293a785ea6a0ed77522cc9","","","""2026-10-01T16:13:27.029Z""","API","gate.correct","NUMERIC","1","","Predicted 6700, confirmed 6700","{}","","invoice_confirmation","","[]","default",""
"2c4ae509fdfbcd16","83195834b659180cdfdaceae69f29af9","","","""2026-10-01T16:13:21.427Z""","API","gate.correct","NUMERIC","1","","Predicted 7100, confirmed 7100","{}","","invoice_confirmation","","[]","default",""
"ca3e46cb6dc8e78b","0adc4beb9330de29a2e5ecd11099d459","","","""2026-10-01T16:13:15.992Z""","API","gate.correct","NUMERIC","1","","Predicted 6400, confirmed 6400","{}","","invoice_confirmation","","[]","default",""
"35d7f2fed629c3f0","05de05f8370f216264cc58bb968f974d","","","""2026-10-01T16:13:10.363Z""","API","gate.correct","NUMERIC","1","","Predicted 6200, confirmed 6200","{}","","invoice_confirmation","","[]","default",""
"7f0f714124b0ca06","df974553b39c1cc4da265d2d17c46ff6","","","""2026-10-01T16:13:04.902Z""","API","gate.correct","NUMERIC","1","","Predicted 6100, confirmed 6100","{}","","invoice_confirmation","","[]","default",""
"28fb53fd62ba0cc8","6880d4bee4e31ee7db12f9651df9d7d1","","","""2026-10-01T16:12:59.456Z""","API","gate.correct","NUMERIC","1","","Predicted 6800, confirmed 6800","{}","","invoice_confirmation","","[]","default",""
"b5807e23b30c70cc","65929457adae3e83406172ca6ff30df1","","","""2026-10-01T16:12:54.300Z""","API","gate.correct","NUMERIC","1","","Predicted 6500, confirmed 6500","{}","","invoice_confirmation","","[]","default",""
"14030567d42c5970","c4d8dc7a50530475f9d63ac625d5f611","","","""2026-10-01T16:12:48.463Z""","API","gate.correct","NUMERIC","1","","Predicted 6300, confirmed 6300","{}","","invoice_confirmation","","[]","default",""
"f9275761f3d5d9be","7578390becbfeb517e34face8f3c63b5","","","""2026-10-01T16:12:43.007Z""","API","gate.correct","NUMERIC","1","","Predicted 6600, confirmed 6600","{}","","invoice_confirmation","","[]","default",""
"b745458391d7ada6","38148a2a279b2061069c1d5e3cb32324","","","""2026-10-01T16:12:37.450Z""","API","gate.correct","NUMERIC","1","","Predicted 6700, confirmed 6700","{}","","invoice_confirmation","","[]","default",""
"76e5ab66db423794","5b96710c294a0696b751b0fa985ceefa","","","""2026-10-01T16:12:32.299Z""","API","gate.correct","NUMERIC","1","","Predicted 7100, confirmed 7100","{}","","invoice_confirmation","","[]","default",""
"af26e01aa7cc155c","cb129feaa13ed0bc44979f386cd70d19","","","""2026-10-01T16:12:26.659Z""","API","gate.correct","NUMERIC","1","","Predicted 6400, confirmed 6400","{}","","invoice_confirmation","","[]","default",""
"4bb7a71c7bd46e5b","3de09bdc8918a3f2f0fc2fe226569c7a","","","""2026-10-01T16:12:21.143Z""","API","gate.correct","NUMERIC","1","","Predicted 6200, confirmed 6200","{}","","invoice_confirmation","","[]","default",""
"7c75647d6129928b","3d0e18396869118876dd48355f32cfb6","","","""2026-10-01T16:12:15.832Z""","API","gate.correct","NUMERIC","1","","Predicted 6100, confirmed 6100","{}","","invoice_confirmation","","[]","default",""
"e3f047ac270b16a1","7d95f526106ac3a2b873295ac95f9638","","","""2026-10-01T16:12:10.701Z""","API","gate.correct","NUMERIC","1","","Predicted 6800, confirmed 6800","{}","","invoice_confirmation","","[]","default",""
"51597a93298c53e8","bc252f55ee0dd5b6ab054183398926f5","","","""2026-10-01T16:12:04.777Z""","API","gate.correct","NUMERIC","1","","Predicted 6500, confirmed 6500","{}","","invoice_confirmation","","[]","default",""
"bf8a6b5bfa355358","5e18deb7d3031ed0c318ac537088b28d","","","""2026-10-01T16:11:59.424Z""","API","gate.correct","NUMERIC","1","","Predicted 6300, confirmed 6300","{}","","invoice_confirmation","","[]","default",""
"f4621c91b307dd2c","477b83ceb8d9f5689726778a751573aa","","","""2026-10-01T16:11:54.788Z""","API","gate.correct","NUMERIC","1","","Predicted 6600, confirmed 6600","{}","","invoice_confirmation","","[]","default",""
"d2a2fd8c3ba2f215","a0fd49ccc7d116472e71cdbd177f8afa","","","""2026-10-01T16:11:49.648Z""","API","gate.correct","NUMERIC","1","","Predicted 6700, confirmed 6700","{}","","invoice_confirmation","","[]","default",""
"2e2fe504be6e3274","a52f6ccb571f91dc8772a481b75dd92b","","","""2026-10-01T16:11:44.098Z""","API","gate.correct","NUMERIC","1","","Predicted 7100, confirmed 7100","{}","","invoice_confirmation","","[]","default",""
"13540477f458e46b","c73e32496906780cdcce19dfa321ba61","","","""2026-10-01T16:11:38.520Z""","API","gate.correct","NUMERIC","1","","Predicted 6400, confirmed 6400","{}","","invoice_confirmation","","[]","default",""
"4d29ab044680025b","ef3511b7f5876a5e9639e973fd309297","","","""2026-10-01T16:11:33.243Z""","API","gate.correct","NUMERIC","1","","Predicted 6200, confirmed 6200","{}","","invoice_confirmation","","[]","default",""
"8f723e35d2e7b56d","b8912aa3dccfc54017fcb91ae9eb0982","","","""2026-10-01T16:11:27.666Z""","API","gate.correct","NUMERIC","1","","Predicted 6100, confirmed 6100","{}","","invoice_confirmation","","[]","default",""
"5dbe44824e17eed1","4c3669bf91265ba17a17b112a4ec49fb","","","""2026-10-01T16:11:22.003Z""","API","gate.correct","NUMERIC","1","","Predicted 6800, confirmed 6800","{}","","invoice_confirmation","","[]","default",""
"6701492877562ed2","98042d67324913414af94b260d1b3119","","","""2026-10-01T16:11:16.572Z""","API","gate.correct","NUMERIC","1","","Predicted 6500, confirmed 6500","{}","","invoice_confirmation","","[]","default",""
"3087893835386721","7863c30936d2f7cf3b0775854e7d3004","","","""2026-10-01T16:11:11.139Z""","API","gate.correct","NUMERIC","1","","Predicted 6300, confirmed 6300","{}","","invoice_confirmation","","[]","default",""
"4758b55a976a3e29","bac5bca36fc840c7fa8dcb83b67dc2ee","","","""2026-10-01T16:11:05.628Z""","API","gate.correct","NUMERIC","1","","Predicted 6600, confirmed 6600","{}","","invoice_confirmation","","[]","default",""
"a7089540f4fedf04","b0c267a4f5ac322aaffd524ff1349861","","","""2026-10-01T16:11:00.114Z""","API","gate.correct","NUMERIC","1","","Predicted 6700, confirmed 6700","{}","","invoice_confirmation","","[]","default",""
"a16ea37f1d9e3c4f","8030a7f7aac54f5d0ac0a1ffc6913249","","","""2026-10-01T16:10:54.591Z""","API","gate.correct","NUMERIC","1","","Predicted 7100, confirmed 7100","{}","","invoice_confirmation","","[]","default",""
"bd1b27ed65614333","ec335d550b166a7af3da79966294f497","","","""2026-10-01T16:10:49.165Z""","API","gate.correct","NUMERIC","1","","Predicted 6400, confirmed 6400","{}","","invoice_confirmation","","[]","default",""
"7c7e548af9dba8ce","7bdf30bc47b26a5415ecf8a398dc6b85","","","""2026-10-01T16:10:43.784Z""","API","gate.correct","NUMERIC","1","","Predicted 6200, confirmed 6200","{}","","invoice_confirmation","","[]","default",""
"2c40f30dde88d26c","24dda4f7eb75975114dddffcd046169d","","","""2026-10-01T16:10:38.193Z""","API","gate.correct","NUMERIC","1","","Predicted 6100, confirmed 6100","{}","","invoice_confirmation","","[]","default",""
"688864d4986b17b0","f30f01ee15534842bb3d97be05ed7c12","","","""2026-10-01T16:10:33.536Z""","API","gate.correct","NUMERIC","1","","Predicted 6800, confirmed 6800","{}","","invoice_confirmation","","[]","default",""
"5298bf77a04506bd","b83318e25ae059667077d9c57c3860a7","","","""2026-10-01T16:10:27.179Z""","API","gate.correct","NUMERIC","1","","Predicted 6500, confirmed 6500","{}","","invoice_confirmation","","[]","default",""
"3076a4c673889f89","efe6b79aa2bfad844c1edc2b0abe0a72","","","""2026-10-01T16:10:22.157Z""","API","gate.correct","NUMERIC","1","","Predicted 6300, confirmed 6300","{}","","invoice_confirmation","","[]","default",""
"70ffb629a66550fa","0ede0dd2e6b1410b4741a200163fd67d","","","""2026-10-01T16:10:16.335Z""","API","gate.correct","NUMERIC","1","","Predicted 6600, confirmed 6600","{}","","invoice_confirmation","","[]","default",""
"78f78759a57dac3e","4d47206f1f6437a214f0fbdd702f0a81","","","""2026-10-01T16:10:10.850Z""","API","gate.correct","NUMERIC","1","","Predicted 6700, confirmed 6700","{}","","invoice_confirmation","","[]","default",""
"5ee166853f66df53","026483735930a4b2557619cb230704f7","","","""2026-10-01T16:10:05.173Z""","API","gate.correct","NUMERIC","1","","Predicted 7100, confirmed 7100","{}","","invoice_confirmation","","[]","default",""
"08df1984f129e0d9","bafcd853041a649d97c678d588ab7073","","","""2026-10-01T16:09:59.787Z""","API","gate.correct","NUMERIC","1","","Predicted 6400, confirmed 6400","{}","","invoice_confirmation","","[]","default",""
"a86c742a48ef4a32","d97308db17a10c56f7a7277dc63dff3e","","","""2026-10-01T16:09:53.252Z""","API","gate.correct","NUMERIC","1","","Predicted 6200, confirmed 6200","{}","","invoice_confirmation","","[]","default",""
"7ee835215ad7691e","034b8375a1735d60734bd0a4e0be80c6","","","""2026-10-01T16:09:48.643Z""","API","gate.correct","NUMERIC","1","","Predicted 6100, confirmed 6100","{}","","invoice_confirmation","","[]","default",""
"7aba09bef2cda9a4","209890d16d97f1a415b139f9717fd7d3","","","""2026-10-01T16:09:41.370Z""","API","gate.correct","NUMERIC","1","","Predicted 6800, confirmed 6800","{}","","invoice_confirmation","","[]","default",""
"d596e80de58180b4","e4cd6222ba07f38e9cb3ac8a968109ef","","","""2026-10-01T16:09:35.749Z""","API","gate.correct","NUMERIC","1","","Predicted 6500, confirmed 6500","{}","","invoice_confirmation","","[]","default",""
"09595d7c82f47848","13a5665b578210c86e1d4265eb1075d0","","","""2026-10-01T16:09:30.400Z""","API","gate.correct","NUMERIC","1","","Predicted 6300, confirmed 6300","{}","","invoice_confirmation","","[]","default",""
"9b5ec5b33c321a78","c0c8009a06036b03706cfa67e17e539d","","","""2026-10-01T16:09:25.873Z""","API","gate.correct","NUMERIC","1","","Predicted 6600, confirmed 6600","{}","","invoice_confirmation","","[]","default",""
"42149a194dd6d694","daeeaa9c48a14af8a2d3fb352c30d8ec","","","""2026-10-01T16:09:20.423Z""","API","gate.correct","NUMERIC","1","","Predicted 6700, confirmed 6700","{}","","invoice_confirmation","","[]","default",""
"5dc0b3f69566e9d6","d2b1779da9d3f3d344877067b49309d8","","","""2026-10-01T16:09:14.914Z""","API","gate.correct","NUMERIC","1","","Predicted 7100, confirmed 7100","{}","","invoice_confirmation","","[]","default",""
"ca29a1cd53b4c96b","2c1f314103670152617ee6e9bf801e08","","","""2026-10-01T16:09:09.505Z""","API","gate.correct","NUMERIC","1","","Predicted 6400, confirmed 6400","{}","","invoice_confirmation","","[]","default",""
"c2979bf639c5c916","8cc7c90eca576aa773f232bf6911c230","","","""2026-10-01T16:09:03.984Z""","API","gate.correct","NUMERIC","1","","Predicted 6200, confirmed 6200","{}","","invoice_confirmation","","[]","default",""
"30e140f8aad3d3a0","6c37f487a22b8eedc9a44d2e50768d46","","","""2026-10-01T16:08:59.762Z""","API","gate.correct","NUMERIC","1","","Predicted 6100, confirmed 6100","{}","","invoice_confirmation","","[]","default",""
"f65c685f530c460f","f7d5fa565c323e989d3543041172cf30","","","""2026-10-01T16:08:53.692Z""","API","gate.correct","NUMERIC","1","","Predicted 6800, confirmed 6800","{}","","invoice_confirmation","","[]","default",""
"ee821d5ecaf0ff55","1bae30ac52ee7337c2ba3c522e22aec1","","","""2026-10-01T16:08:48.169Z""","API","gate.correct","NUMERIC","1","","Predicted 6500, confirmed 6500","{}","","invoice_confirmation","","[]","default",""
"97c8bb9914d90922","f23e76a4d02cefdeea6ff85ec610d10e","","","""2026-10-01T16:08:42.881Z""","API","gate.correct","NUMERIC","1","","Predicted 6300, confirmed 6300","{}","","invoice_confirmation","","[]","default",""
"f9cee3fb54de69f1","52d57eb294ef2a7ba03153ed7b143d0c","","","""2026-10-01T16:08:38.393Z""","API","gate.correct","NUMERIC","1","","Predicted 6600, confirmed 6600","{}","","invoice_confirmation","","[]","default",""
"ae8660266269373d","d22db103e76f22bf8f95442614c41992","","","""2026-10-01T16:08:33.028Z""","API","gate.correct","NUMERIC","1","","Predicted 6700, confirmed 6700","{}","","invoice_confirmation","","[]","default",""
"feb032d72fcbee4d","c59877299499d6d8dceeea630a2952db","","","""2026-10-01T16:08:27.323Z""","API","gate.correct","NUMERIC","1","","Predicted 7100, confirmed 7100","{}","","invoice_confirmation","","[]","default",""
"642281e43fdec3b2","ea2a0724db2a28c1f30a2867145d2639","","","""2026-10-01T16:08:21.506Z""","API","gate.correct","NUMERIC","1","","Predicted 6400, confirmed 6400","{}","","invoice_confirmation","","[]","default",""
"759aade70da2b0d3","2e5a733653464937ba748bed1d28270f","","","""2026-10-01T16:08:15.914Z""","API","gate.correct","NUMERIC","1","","Predicted 6200, confirmed 6200","{}","","invoice_confirmation","","[]","default",""
"358321e87e180236","b8d13bef4bf2e8326fe5fa2b354937e0","","","""2026-10-01T16:08:10.484Z""","API","gate.correct","NUMERIC","1","","Predicted 6100, confirmed 6100","{}","","invoice_confirmation","","[]","default",""
"80b362fc0dda05fa","50d9f6f54c342c1da34abe19ba2a9ff4","","","""2026-10-01T16:08:06.238Z""","API","gate.correct","NUMERIC","1","","Predicted 6800, confirmed 6800","{}","","invoice_confirmation","","[]","default",""
"908f03f82615e645","c2c0f21967b4ff4ed7bc48b2d0d8c95f","","","""2026-10-01T16:08:00.811Z""","API","gate.correct","NUMERIC","1","","Predicted 6500, confirmed 6500","{}","","invoice_confirmation","","[]","default",""
"1a0ffbd49417dda1","01f2967f45a856ce63a6cfe9688c882e","","","""2026-10-01T16:07:55.301Z""","API","gate.correct","NUMERIC","1","","Predicted 6300, confirmed 6300","{}","","invoice_confirmation","","[]","default",""
"29be1c3e256339a3","2343483e0d14c00a0c669b0423472b77","","","""2026-10-01T16:07:51.112Z""","API","gate.correct","NUMERIC","1","","Predicted 6600, confirmed 6600","{}","","invoice_confirmation","","[]","default",""
"c0c35d44d27de35c","1950ded29c96ec86447a6738f270001e","","","""2026-10-01T16:07:45.540Z""","API","gate.correct","NUMERIC","1","","Predicted 6700, confirmed 6700","{}","","invoice_confirmation","","[]","default",""
"1422dc5828a15648","95d50fd121b6a30a313062aee886983f","","","""2026-10-01T16:07:41.175Z""","API","gate.correct","NUMERIC","1","","Predicted 7100, confirmed 7100","{}","","invoice_confirmation","","[]","default",""
"faeec19471f416d8","4a5ee468455591eab034055c2ea1faf2","","","""2026-10-01T16:07:35.803Z""","API","gate.correct","NUMERIC","1","","Predicted 6400, confirmed 6400","{}","","invoice_confirmation","","[]","default",""
"12142749a7021075","6a2cbc38d1f655ceb30dc874e245df1f","","","""2026-10-01T16:07:31.527Z""","API","gate.correct","NUMERIC","1","","Predicted 6200, confirmed 6200","{}","","invoice_confirmation","","[]","default",""
"24129be3672ce232","977b583ee6e7131f876cac33b64a0de4","","","""2026-10-01T16:07:26.209Z""","API","gate.correct","NUMERIC","1","","Predicted 6100, confirmed 6100","{}","","invoice_confirmation","","[]","default",""
"7b9971d0752ec024","cba0343bf60a54a61fce18c178b06da2","","","""2026-10-01T16:07:20.604Z""","API","gate.correct","NUMERIC","1","","Predicted 6800, confirmed 6800","{}","","invoice_confirmation","","[]","default",""
"b263dc9dec37b2c1","340f2810001e5db9da2c945dd67afea4","","","""2026-10-01T16:07:15.340Z""","API","gate.correct","NUMERIC","1","","Predicted 6500, confirmed 6500","{}","","invoice_confirmation","","[]","default",""
"30a9d8be246bbe77","981f48578a8cf1fd2a9902d2765b9bc5","","","""2026-10-01T16:07:09.863Z""","API","gate.correct","NUMERIC","1","","Predicted 6300, confirmed 6300","{}","","invoice_confirmation","","[]","default",""
"5832007719882a99","62f238a6e81f83df06f9f7b101bde609","","","""2026-10-01T16:07:05.358Z""","API","gate.correct","NUMERIC","1","","Predicted 6600, confirmed 6600","{}","","invoice_confirmation","","[]","default",""
"256453a1814d8c4c","f5644addbc6b5c92516322154690acad","","","""2026-10-01T16:07:00.029Z""","API","gate.correct","NUMERIC","1","","Predicted 6700, confirmed 6700","{}","","invoice_confirmation","","[]","default",""
"d7362bcf17688616","d240ee0ee823ba8a826e16f309ffc341","","","""2026-10-01T16:06:54.545Z""","API","gate.correct","NUMERIC","1","","Predicted 7100, confirmed 7100","{}","","invoice_confirmation","","[]","default",""
"672081928ef02f0f","5525f47c1906fc8ae02e28dfa7de4872","","","""2026-10-01T16:06:49.048Z""","API","gate.correct","NUMERIC","1","","Predicted 6400, confirmed 6400","{}","","invoice_confirmation","","[]","default",""
"e50e48f64602cc82","c473e00185626ae19d4d9ed3467f4ee3","","","""2026-10-01T16:06:43.737Z""","API","gate.correct","NUMERIC","1","","Predicted 6200, confirmed 6200","{}","","invoice_confirmation","","[]","default",""
"f8c8bc35bfb7fda0","d0f09414be1eff803ea233cda4d28f2a","","","""2026-10-01T16:06:38.106Z""","API","gate.correct","NUMERIC","1","","Predicted 6100, confirmed 6100","{}","","invoice_confirmation","","[]","default",""
"00d5386cb5d2533a","991a5cba842bd03bf551425a2bf35106","","","""2026-10-01T16:06:32.563Z""","API","gate.correct","NUMERIC","1","","Predicted 6800, confirmed 6800","{}","","invoice_confirmation","","[]","default",""
"814c7499b3a0c231","d15d7c4ff3482d144b6c633e14290ba2","","","""2026-10-01T16:06:27.145Z""","API","gate.correct","NUMERIC","1","","Predicted 6500, confirmed 6500","{}","","invoice_confirmation","","[]","default",""
"e166572d8a2f286d","53d2ab1447caf5bffb7049726253e25d","","","""2026-10-01T16:06:21.723Z""","API","gate.correct","NUMERIC","1","","Predicted 6300, confirmed 6300","{}","","invoice_confirmation","","[]","default",""
"ad8ee237cab0f03c","27edf142d9d7d8aa029de01a584a6f4f","","","""2026-10-01T16:06:16.165Z""","API","gate.correct","NUMERIC","1","","Predicted 6600, confirmed 6600","{}","","invoice_confirmation","","[]","default",""
"2e0edbc0609ce1ba","e21949bbb9bfde5ad5ff88474715b3b9","","","""2026-10-01T16:06:11.208Z""","API","gate.correct","NUMERIC","1","","Predicted 6700, confirmed 6700","{}","","invoice_confirmation","","[]","default",""
"85e1944c948f97bc","b11e23fa15e6110e9da2dda9bb068c2e","","","""2026-10-01T16:06:05.238Z""","API","gate.correct","NUMERIC","1","","Predicted 7100, confirmed 7100","{}","","invoice_confirmation","","[]","default",""
"2c54d70f33c2943b","3be857904f804522941be51e1560a0ef","","","""2026-10-01T16:05:59.662Z""","API","gate.correct","NUMERIC","1","","Predicted 6400, confirmed 6400","{}","","invoice_confirmation","","[]","default",""
"fa0dd2fb533c49aa","ba045c41443f1ceac40dda115666e680","","","""2026-10-01T16:05:54.306Z""","API","gate.correct","NUMERIC","1","","Predicted 6200, confirmed 6200","{}","","invoice_confirmation","","[]","default",""
"bb4b1e652664e0a5","736d4a92d979501ea030300508a433f5","","","""2026-10-01T16:05:48.854Z""","API","gate.correct","NUMERIC","1","","Predicted 6100, confirmed 6100","{}","","invoice_confirmation","","[]","default",""
"380cc732072e15c7","d9df85a807e880ca04b4e354dcf707b5","","","""2026-10-01T16:05:42.974Z""","API","gate.correct","NUMERIC","1","","Predicted 6800, confirmed 6800","{}","","invoice_confirmation","","[]","default",""
"0cce5542aad64fa6","f2306645d912116c61f35065ce6fa34c","","","""2026-10-01T16:05:37.154Z""","API","gate.correct","NUMERIC","1","","Predicted 6500, confirmed 6500","{}","","invoice_confirmation","","[]","default",""
"e5f14fb772f3fc5c","1db74eef7187b7cec2757e71b962d73a","","","""2026-10-01T16:05:31.786Z""","API","gate.correct","NUMERIC","1","","Predicted 6300, confirmed 6300","{}","","invoice_confirmation","","[]","default",""
"8642d75a9632e4a0","d670c96a58dfbec534058bb0c0a27374","","","""2026-10-01T16:05:25.665Z""","API","gate.correct","NUMERIC","1","","Predicted 6600, confirmed 6600","{}","","invoice_confirmation","","[]","default",""
"5b0c7b6deb08f6bc","1c42b616e6be884ae003203965a0784c","","","""2026-10-01T16:05:20.305Z""","API","gate.correct","NUMERIC","1","","Predicted 6700, confirmed 6700","{}","","invoice_confirmation","","[]","default",""
"45327fc88a5cfd89","e1d83f5301030c4d7be3e5bffdedca72","","","""2026-10-01T16:05:14.966Z""","API","gate.correct","NUMERIC","1","","Predicted 7100, confirmed 7100","{}","","invoice_confirmation","","[]","default",""
"2f83edf8d93fb10b","85b3256a9d5d345806591dd2fc383771","","","""2026-10-01T16:05:09.332Z""","API","gate.correct","NUMERIC","1","","Predicted 6400, confirmed 6400","{}","","invoice_confirmation","","[]","default",""
"1f961d495e4099e0","6c121f2a6ebe77d22937f2714f022d9f","","","""2026-10-01T16:05:03.926Z""","API","gate.correct","NUMERIC","1","","Predicted 6200, confirmed 6200","{}","","invoice_confirmation","","[]","default",""
"a2d0e728b9ac4035","e4457144f8e0320784f9d177817035dd","","","""2026-10-01T16:04:58.331Z""","API","gate.correct","NUMERIC","1","","Predicted 6100, confirmed 6100","{}","","invoice_confirmation","","[]","default",""
"b4bceb2871c26c37","e2b1e31e92860c49547b7d4df76e31ad","","","""2026-10-01T16:04:52.925Z""","API","gate.correct","NUMERIC","1","","Predicted 6800, confirmed 6800","{}","","invoice_confirmation","","[]","default",""
"23007152f460152d","81c9c17b95f7e84b6268d77491ce90c4","","","""2026-10-01T16:04:47.353Z""","API","gate.correct","NUMERIC","1","","Predicted 6500, confirmed 6500","{}","","invoice_confirmation","","[]","default",""
"62a68644b1eb336b","67b25b523e95973757a56b39a4e0e7d3","","","""2026-10-01T16:04:42.552Z""","API","gate.correct","NUMERIC","1","","Predicted 6300, confirmed 6300","{}","","invoice_confirmation","","[]","default",""
"b0bcdec14ec78d0b","acbd4355b8bedfbc45ec8ebce43c39e8","","","""2026-10-01T16:04:36.356Z""","API","gate.correct","NUMERIC","1","","Predicted 6600, confirmed 6600","{}","","invoice_confirmation","","[]","default",""
"0827e2c3d5739e94","3d5e518b60c8a8bc50ad399b3988bef5","","","""2026-10-01T16:04:31.752Z""","API","gate.correct","NUMERIC","1","","Predicted 6700, confirmed 6700","{}","","invoice_confirmation","","[]","default",""
"e0199e598e116ef7","439e8cf8c8017cc5064be4dc82fc6578","","","""2026-10-01T16:04:25.376Z""","API","gate.correct","NUMERIC","1","","Predicted 6400, confirmed 6400","{}","","invoice_confirmation","","[]","default",""
"3c33a6ae35798892","4bb8f69f7aa6a83aa4d20c76f80e8eea","","","""2026-10-01T16:04:19.888Z""","API","gate.correct","NUMERIC","1","","Predicted 6200, confirmed 6200","{}","","invoice_confirmation","","[]","default",""
"0fc6a9010212d4d4","8173dd584e1ce1becc3c8c3317173c5a","","","""2026-10-01T16:04:15.588Z""","API","gate.correct","NUMERIC","1","","Predicted 6100, confirmed 6100","{}","","invoice_confirmation","","[]","default",""
"21bfb3fda7967396","a409ba12e481bd1d48f8abd18a78e7e7","","","""2026-10-01T16:04:11.376Z""","API","gate.correct","NUMERIC","1","","Predicted 6800, confirmed 6800","{}","","invoice_confirmation","","[]","default",""
"3a4bab5d1a40455d","64a720bd8e5437da21bce7895f10789c","","","""2026-10-01T16:04:05.994Z""","API","gate.correct","NUMERIC","1","","Predicted 6500, confirmed 6500","{}","","invoice_confirmation","","[]","default",""
"516d3eff9768c67a","faa559f095ab90aadb93234bec767375","","","""2026-10-01T16:04:00.815Z""","API","gate.correct","NUMERIC","1","","Predicted 6300, confirmed 6300","{}","","invoice_confirmation","","[]","default",""
"ea1c7383abca3806","b2c27dfce915716227c5786678b15e0d","","","""2026-10-01T16:03:56.112Z""","API","gate.correct","NUMERIC","1","","Predicted 6600, confirmed 6600","{}","","invoice_confirmation","","[]","default",""
"de560399710126c4","aaf41f1cd0ac69b55bea3b52db9935ca","","","""2026-10-01T16:03:51.935Z""","API","gate.correct","NUMERIC","1","","Predicted 6600, confirmed 6600","{}","","invoice_confirmation","","[]","default",""
"b2e1545ba0b6efe9","57b80adeececed1cc68aa5718cead8fd","","","""2026-10-01T16:03:47.833Z""","API","gate.correct","NUMERIC","1","","Predicted 6600, confirmed 6600","{}","","invoice_confirmation","","[]","default",""
"08e985e76d80fd5c","dad39823b7247b59327fbb74cb952b73","","","""2026-10-01T16:03:43.525Z""","API","gate.correct","NUMERIC","1","","Predicted 6600, confirmed 6600","{}","","invoice_confirmation","","[]","default",""
"57b790192b987d84","c0762f7e63c4281fc5eae8842de96cc7","","","""2026-10-01T16:03:38.377Z""","API","gate.correct","NUMERIC","1","","Predicted 6600, confirmed 6600","{}","","invoice_confirmation","","[]","default",""
"be3b8eb43f7e17cc","6d408ba0fd43438ac9ed602ef2cb992c","","","""2026-10-01T16:03:32.710Z""","API","gate.correct","NUMERIC","1","","Predicted 6600, confirmed 6600","{}","","invoice_confirmation","","[]","default",""
"38ddc212045c3f85","f58d06e97c48ddc3f7ac7f0c760abaef","","","""2026-10-01T16:03:27.745Z""","API","gate.correct","NUMERIC","1","","Predicted 6600, confirmed 6600","{}","","invoice_confirmation","","[]","default",""
"71752f9a6b37937c","946bb2e9f6da9a9abbc8f0d765cc4b72","","","""2026-10-01T16:03:23.536Z""","API","gate.correct","NUMERIC","1","","Predicted 6600, confirmed 6600","{}","","invoice_confirmation","","[]","default",""
"9e21689753ac450f","c31450a5f6d37765f8c9abf4a7830d63","","","""2026-10-01T16:03:19.257Z""","API","gate.correct","NUMERIC","1","","Predicted 6600, confirmed 6600","{}","","invoice_confirmation","","[]","default",""
"a0ad82290049d8af","a80ad00eaf55f6f1008d1106c1692cf3","","","""2026-10-01T16:03:14.199Z""","API","gate.correct","NUMERIC","1","","Predicted 6700, confirmed 6700","{}","","invoice_confirmation","","[]","default",""
"7ec4eaea0859705b","4ab18725add99047e6392cf80552bc15","","","""2026-10-01T16:03:08.574Z""","API","gate.correct","NUMERIC","1","","Predicted 6700, confirmed 6700","{}","","invoice_confirmation","","[]","default",""
"584ca56605ad51e8","2b91371a06497919d0747e5d650404a1","","","""2026-10-01T16:03:03.109Z""","API","gate.correct","NUMERIC","1","","Predicted 6700, confirmed 6700","{}","","invoice_confirmation","","[]","default",""
"8720b5213fc28e12","cd358251e7806de88b75ce7e8fbc3e0e","","","""2026-10-01T16:02:56.556Z""","API","gate.correct","NUMERIC","1","","Predicted 6700, confirmed 6700","{}","","invoice_confirmation","","[]","default",""
"fe0fe4f78a365fcf","f73b1cbf5ba006cb6aa61044dec3907a","","","""2026-10-01T16:02:51.092Z""","API","gate.correct","NUMERIC","1","","Predicted 6700, confirmed 6700","{}","","invoice_confirmation","","[]","default",""
"bc8da13c44a4d058","3742fe6b5e74d52bdc02483e8d2cdbea","","","""2026-10-01T16:02:45.580Z""","API","gate.correct","NUMERIC","1","","Predicted 7100, confirmed 7100","{}","","invoice_confirmation","","[]","default",""
"a83a677b8ff3be97","83b4d1505874fd4a745c1fd5d6c27244","","","""2026-10-01T16:02:40.143Z""","API","gate.correct","NUMERIC","1","","Predicted 7100, confirmed 7100","{}","","invoice_confirmation","","[]","default",""
"af0d59ab97722818","930d0cc435a73348fc3b8759ba74bef7","","","""2026-10-01T16:02:34.533Z""","API","gate.correct","NUMERIC","1","","Predicted 7100, confirmed 7100","{}","","invoice_confirmation","","[]","default",""
"0bcabbc4386feb11","7347cb6e60e991d2d711d8382a5febe2","","","""2026-10-01T16:02:29.033Z""","API","gate.correct","NUMERIC","1","","Predicted 7100, confirmed 7100","{}","","invoice_confirmation","","[]","default",""
"a77f07d8f1bee50d","b368d7eb9469a8d3fc1fcd72bde5b23f","","","""2026-10-01T16:02:24.765Z""","API","gate.correct","NUMERIC","1","","Predicted 7100, confirmed 7100","{}","","invoice_confirmation","","[]","default",""
"4638b14fe7284dc9","7291cc807c8b7911871e8b7c7ca165f9","","","""2026-10-01T16:02:19.555Z""","API","gate.correct","NUMERIC","1","","Predicted 6400, confirmed 6400","{}","","invoice_confirmation","","[]","default",""
"e0827b02ca739937","a43234f5569a95a856a97181fce8abed","","","""2026-10-01T16:02:14.036Z""","API","gate.correct","NUMERIC","1","","Predicted 6400, confirmed 6400","{}","","invoice_confirmation","","[]","default",""
"cc9936af7a17d1be","16492e4c8da41969d1914eafe7d48268","","","""2026-10-01T16:02:08.455Z""","API","gate.correct","NUMERIC","1","","Predicted 6400, confirmed 6400","{}","","invoice_confirmation","","[]","default",""
"2a56c87609b06b29","a6c068c63afae0bc8442bd3069b3aa97","","","""2026-10-01T16:02:03.165Z""","API","gate.correct","NUMERIC","1","","Predicted 6400, confirmed 6400","{}","","invoice_confirmation","","[]","default",""
"949077fb62d397c0","7a4583efd13cb008028d8dcf7bfe030f","","","""2026-10-01T16:01:57.397Z""","API","gate.correct","NUMERIC","1","","Predicted 6400, confirmed 6400","{}","","invoice_confirmation","","[]","default",""
"56850c5e22118ee9","98f4d3199798fa6af1681be715b79c0b","","","""2026-10-01T16:01:53.180Z""","API","gate.correct","NUMERIC","1","","Predicted 6200, confirmed 6200","{}","","invoice_confirmation","","[]","default",""
"392e047980d9cb9d","93bcdf7d85d80ae71f2803666e7206c1","","","""2026-10-01T16:01:47.771Z""","API","gate.correct","NUMERIC","1","","Predicted 6200, confirmed 6200","{}","","invoice_confirmation","","[]","default",""
"e42d0774a75bf6ce","adef98af5bb267d1626aa71886329bcc","","","""2026-10-01T16:01:42.395Z""","API","gate.correct","NUMERIC","1","","Predicted 6200, confirmed 6200","{}","","invoice_confirmation","","[]","default",""
"c89d57f9b299a0ec","ca2edbc7e7fa7d965f6474753de2ade9","","","""2026-10-01T16:01:38.060Z""","API","gate.correct","NUMERIC","1","","Predicted 6200, confirmed 6200","{}","","invoice_confirmation","","[]","default",""
"4c1b88e6a6490eff","8d2e6448ab385e1eae0908948da15251","","","""2026-10-01T16:01:32.605Z""","API","gate.correct","NUMERIC","1","","Predicted 6200, confirmed 6200","{}","","invoice_confirmation","","[]","default",""
"3b5179ccb67202a8","011c6eed76884a6609e29d7238fc5e37","","","""2026-10-01T16:01:27.177Z""","API","gate.correct","NUMERIC","1","","Predicted 6100, confirmed 6100","{}","","invoice_confirmation","","[]","default",""
"6e57f97a403acb6a","590a800fe0e92973c0b2407b59f719f7","","","""2026-10-01T16:01:21.734Z""","API","gate.correct","NUMERIC","1","","Predicted 6100, confirmed 6100","{}","","invoice_confirmation","","[]","default",""
"4a46686255360aca","0140ac27589f0af22a5fcd738e8cdaa5","","","""2026-10-01T16:01:16.403Z""","API","gate.correct","NUMERIC","1","","Predicted 6100, confirmed 6100","{}","","invoice_confirmation","","[]","default",""
"c9b6cd0f3ebaba26","0c2eece3881c6beb0f3fcb90a2955040","","","""2026-10-01T16:01:10.697Z""","API","gate.correct","NUMERIC","1","","Predicted 6100, confirmed 6100","{}","","invoice_confirmation","","[]","default",""
"cdbcca1b2bd9a024","cf4c95efd6a52ba24d364408b74269ea","","","""2026-10-01T16:01:05.442Z""","API","gate.correct","NUMERIC","1","","Predicted 6100, confirmed 6100","{}","","invoice_confirmation","","[]","default",""
"87e2878af1bd9101","7e82f2748215dbeb630e02de702db73b","","","""2026-10-01T16:00:59.971Z""","API","gate.correct","NUMERIC","1","","Predicted 6800, confirmed 6800","{}","","invoice_confirmation","","[]","default",""
"c886a23e130b7d7e","e3a50fc867c834830ff6ca14a6130513","","","""2026-10-01T16:00:55.432Z""","API","gate.correct","NUMERIC","1","","Predicted 6800, confirmed 6800","{}","","invoice_confirmation","","[]","default",""
"22be62918b5dd035","25b6c834e440dc3d4cfcd4dd77512fdf","","","""2026-10-01T16:00:50.363Z""","API","gate.correct","NUMERIC","1","","Predicted 6800, confirmed 6800","{}","","invoice_confirmation","","[]","default",""
"c183eaedd1c2ba32","6b9ec53276d5b3fe70761bf548105fdd","","","""2026-10-01T16:00:44.602Z""","API","gate.correct","NUMERIC","1","","Predicted 6800, confirmed 6800","{}","","invoice_confirmation","","[]","default",""
"9f162e0bd835bb3b","d0f13fecb0d0bfc6b6017e55fa60bfb8","","","""2026-10-01T16:00:36.700Z""","API","gate.correct","NUMERIC","1","","Predicted 6800, confirmed 6800","{}","","invoice_confirmation","","[]","default",""
"a69e2fd949d65fdf","b1c1755784334c1ed605567afb8e92aa","","","""2026-10-01T16:00:31.209Z""","API","gate.correct","NUMERIC","1","","Predicted 6800, confirmed 6800","{}","","invoice_confirmation","","[]","default",""
"d40fbe47eabde574","648fec70b1a08cd8bcd378be1949d70b","","","""2026-10-01T16:00:25.722Z""","API","gate.correct","NUMERIC","1","","Predicted 6800, confirmed 6800","{}","","invoice_confirmation","","[]","default",""
"4003a463d77772f3","ad51e0aaf030c2ea66eff9ef957d9229","","","""2026-10-01T16:00:15.232Z""","API","gate.correct","NUMERIC","1","","Predicted 6800, confirmed 6800","{}","","invoice_confirmation","","[]","default",""
"127ac6e10278ff7e","f41b427a9ac1ef2a103e482182cba24e","","","""2026-10-01T16:00:09.714Z""","API","gate.correct","NUMERIC","1","","Predicted 6500, confirmed 6500","{}","","invoice_confirmation","","[]","default",""
"b21b912f3b611fdf","0130e10f21ac508c95d983dbf89f7c7f","","","""2026-10-01T16:00:05.005Z""","API","gate.correct","NUMERIC","1","","Predicted 6500, confirmed 6500","{}","","invoice_confirmation","","[]","default",""
"f90836851abe0851","7ab5d2f9fb2006262c1f5ffdd0f96942","","","""2026-10-01T15:59:58.841Z""","API","gate.correct","NUMERIC","1","","Predicted 6500, confirmed 6500","{}","","invoice_confirmation","","[]","default",""
"7c0ffda6123e7025","e85bf83778d333fde7b11a0708e55d25","","","""2026-10-01T15:59:53.482Z""","API","gate.correct","NUMERIC","1","","Predicted 6500, confirmed 6500","{}","","invoice_confirmation","","[]","default",""
"e3295075292b6488","06d84555865cc48fc8c851a4230afd10","","","""2026-10-01T15:59:49.031Z""","API","gate.correct","NUMERIC","1","","Predicted 6500, confirmed 6500","{}","","invoice_confirmation","","[]","default",""
"19aab23f57b16d6e","9086e0f21403893fc0602c6e8426a15e","","","""2026-10-01T15:59:43.924Z""","API","gate.correct","NUMERIC","1","","Predicted 6300, confirmed 6300","{}","","invoice_confirmation","","[]","default",""
"ff3095401a43bf1d","9b2daf47788155f54d8a226724a64201","","","""2026-10-01T15:59:38.945Z""","API","gate.correct","NUMERIC","1","","Predicted 6300, confirmed 6300","{}","","invoice_confirmation","","[]","default",""
"3fdd16c7c542f303","67ecc7245aa5be49dc711e710975751a","","","""2026-10-01T15:59:31.981Z""","API","gate.correct","NUMERIC","1","","Predicted 6300, confirmed 6300","{}","","invoice_confirmation","","[]","default",""
"b07e58460ccd3d74","619868c9ee3d3f1aca1bc110ffd70d56","","","""2026-10-01T15:59:26.982Z""","API","gate.correct","NUMERIC","1","","Predicted 6300, confirmed 6300","{}","","invoice_confirmation","","[]","default",""
"d4b0bcee0b6afcdf","d6f7018bafdea5a19141f4d108cb0c54","","","""2026-10-01T15:59:21.208Z""","API","gate.correct","NUMERIC","1","","Predicted 6300, confirmed 6300","{}","","invoice_confirmation","","[]","default",""
"2d365c3a32f41819","42fb8573c86ae0071acb9d56b521b19c","","","""2026-10-01T15:50:08.637Z""","API","gate.correct","NUMERIC","1","","Predicted 6800, confirmed 6800","{}","","invoice_confirmation","","[]","default",""
"48aaecf1b1548dac","59da59ef24c0b47ce12857a11412fdda","","","""2026-10-01T15:50:02.752Z""","API","gate.correct","NUMERIC","1","","Predicted 6500, confirmed 6500","{}","","invoice_confirmation","","[]","default",""
"924209d12946dcd4","2b4c78dba1eb9f0ed042655dc78cea2e","","","""2026-10-01T15:49:58.082Z""","API","gate.correct","NUMERIC","1","","Predicted 6300, confirmed 6300","{}","","invoice_confirmation","","[]","default",""
"6a1f07d57cd92b4a","a1e385e48900bbec4d2a9b47a1337f69","","","""2026-10-01T15:49:51.207Z""","API","gate.correct","NUMERIC","1","","Predicted 6400, confirmed 6400","{}","","invoice_confirmation","","[]","default",""
"9f6d3dce3565913e","407e077038e9218ff7df85753ccfb7a5","","","""2026-10-01T15:49:45.486Z""","API","gate.correct","NUMERIC","1","","Predicted 7100, confirmed 7100","{}","","invoice_confirmation","","[]","default",""
"b325563b25fc35b4","af768075f4ce7ee0a63e1c65b9fb3316","","","""2026-10-01T15:49:39.078Z""","API","gate.correct","NUMERIC","1","","Predicted 6100, confirmed 6100","{}","","invoice_confirmation","","[]","default",""
"bcfcddad747be744","720ca4586b23a7094d5b1b58db1c75f6","","","""2026-10-01T15:49:33.556Z""","API","gate.correct","NUMERIC","1","","Predicted 6800, confirmed 6800","{}","","invoice_confirmation","","[]","default",""
"83b948fb223ac7d3","0e0091e120b47e5c07e350fef71fc59e","","","""2026-10-01T15:49:27.903Z""","API","gate.correct","NUMERIC","1","","Predicted 6500, confirmed 6500","{}","","invoice_confirmation","","[]","default",""
"80ce7ec6106dfc8f","7ff2478856434333e6cdfb0c0f62ffac","","","""2026-10-01T15:49:21.555Z""","API","gate.correct","NUMERIC","1","","Predicted 6300, confirmed 6300","{}","","invoice_confirmation","","[]","default",""
"d1dc50332c1e47f0","a1f6e0afa6c355ec738f3f87daa4e826","","","""2026-10-01T15:45:33.832Z""","API","gate.correct","NUMERIC","1","","Predicted 6800, confirmed 6800","{}","","invoice_confirmation","","[]","default",""
"09121b30a6186cf3","8fa1a11424390c4a7baf00a907e8e34c","","","""2026-10-01T15:45:27.687Z""","API","gate.correct","NUMERIC","1","","Predicted 6500, confirmed 6500","{}","","invoice_confirmation","","[]","default",""
"88d4dcde9a2cc96e","c62ac6d8de34a54ff8e36af9f57e2f29","","","""2026-10-01T15:45:23.107Z""","API","gate.correct","NUMERIC","1","","Predicted 6300, confirmed 6300","{}","","invoice_confirmation","","[]","default",""
"e96d2daf74111c33","53d47c7b83bead6bb5478f10fcbe5659","","","""2026-10-01T15:45:15.752Z""","API","gate.correct","NUMERIC","1","","Predicted 6400, confirmed 6400","{}","","invoice_confirmation","","[]","default",""
"8f7596811b9d43fe","039415d18607d372211659b190e5bf02","","","""2026-10-01T15:45:10.191Z""","API","gate.correct","NUMERIC","1","","Predicted 7100, confirmed 7100","{}","","invoice_confirmation","","[]","default",""
"d00709cd8dd80075","f7087c603037eee9f9e4130c15b205a4","","","""2026-10-01T15:45:04.713Z""","API","gate.correct","NUMERIC","1","","Predicted 6100, confirmed 6100","{}","","invoice_confirmation","","[]","default",""
"08926861839d67b9","5aec333d90360e95a1c70ab1dfee153f","","","""2026-10-01T15:44:59.364Z""","API","gate.correct","NUMERIC","1","","Predicted 6800, confirmed 6800","{}","","invoice_confirmation","","[]","default",""
"a3b1379704ee8854","3f32327aa40fee2444c4998dcda8a5eb","","","""2026-10-01T15:44:53.261Z""","API","gate.correct","NUMERIC","1","","Predicted 6500, confirmed 6500","{}","","invoice_confirmation","","[]","default",""
"3b463ef1be31cc1f","bdff8880d531d8146f4ab738fd5aae97","","","""2026-10-01T15:44:47.875Z""","API","gate.correct","NUMERIC","1","","Predicted 6300, confirmed 6300","{}","","invoice_confirmation","","[]","default",""
"8ccea8e93373c6c0","1fea6288bea45b5b5a9ebf7e2e35cbb4","","","""2026-10-01T15:41:16.340Z""","API","gate.correct","NUMERIC","1","","Predicted 6800, confirmed 6800","{}","","invoice_confirmation","","[]","default",""
"30221ac21ac81772","15ab73a792481665aa6ffe991844a7b7","","","""2026-10-01T15:41:11.815Z""","API","gate.correct","NUMERIC","1","","Predicted 6500, confirmed 6500","{}","","invoice_confirmation","","[]","default",""
"4cfe8b66b36be811","57ec6d4ca3f7554047fcdbf2b65af06d","","","""2026-10-01T15:41:06.531Z""","API","gate.correct","NUMERIC","1","","Predicted 6300, confirmed 6300","{}","","invoice_confirmation","","[]","default",""
"6ef9a097a969645d","0b98a7028798f849ac0922b5c9ea9880","","","""2026-10-01T15:40:58.209Z""","API","gate.correct","NUMERIC","1","","Predicted 6400, confirmed 6400","{}","","invoice_confirmation","","[]","default",""
"c9c0b95ecde95681","8a50c2287aae1c63b436df37021ae4f0","","","""2026-10-01T15:40:52.717Z""","API","gate.correct","NUMERIC","1","","Predicted 7100, confirmed 7100","{}","","invoice_confirmation","","[]","default",""
"3843dc1195d93f0c","3e8fab07fa2027d76dea69921ef8904c","","","""2026-10-01T15:40:47.575Z""","API","gate.correct","NUMERIC","1","","Predicted 6100, confirmed 6100","{}","","invoice_confirmation","","[]","default",""
"29bc056c3437acfd","70193e0f81cf0b5c984490c6b225d1c7","","","""2026-10-01T15:40:41.848Z""","API","gate.correct","NUMERIC","1","","Predicted 6800, confirmed 6800","{}","","invoice_confirmation","","[]","default",""
"9ca5655fac0d9967","e85a1b3102ca0047f63df6817ca7bb95","","","""2026-10-01T15:40:36.774Z""","API","gate.correct","NUMERIC","1","","Predicted 6500, confirmed 6500","{}","","invoice_confirmation","","[]","default",""
"7aaec69ebc9ab029","1c5414dad477c1653e680a348cd7059e","","","""2026-10-01T15:40:30.232Z""","API","gate.correct","NUMERIC","1","","Predicted 6300, confirmed 6300","{}","","invoice_confirmation","","[]","default",""
"1365ed07ab997da4","71be9e084c3f32cfb60a8f6fcd2659f6","","","""2026-10-01T15:19:07.769Z""","API","gate.correct","NUMERIC","1","","Predicted 6800, confirmed 6800","{}","","invoice_confirmation","","[]","default",""
"0b2f2c143ad7d0b9","f1ffdc2d85530f8276410bf4cb06c8db","","","""2026-10-01T15:19:01.367Z""","API","gate.correct","NUMERIC","1","","Predicted 6500, confirmed 6500","{}","","invoice_confirmation","","[]","default",""
"14fe719fea26df74","2086a0f0042e89fe24441f30de761c29","","","""2026-10-01T15:18:56.514Z""","API","gate.correct","NUMERIC","1","","Predicted 6300, confirmed 6300","{}","","invoice_confirmation","","[]","default",""
"ab4fffbab4e70ea5","d9337032752a1e635de546ffa2fbede6","","","""2026-10-01T15:18:48.640Z""","API","gate.correct","NUMERIC","1","","Predicted 6400, confirmed 6400","{}","","invoice_confirmation","","[]","default",""
"1963cea9567b8220","bef8118b9db413f199373362f0828f3d","","","""2026-10-01T15:18:43.375Z""","API","gate.correct","NUMERIC","1","","Predicted 7100, confirmed 7100","{}","","invoice_confirmation","","[]","default",""
"6c71308d971254e9","394d59ce635ef833be3c7b782144a083","","","""2026-10-01T15:18:37.708Z""","API","gate.correct","NUMERIC","1","","Predicted 6100, confirmed 6100","{}","","invoice_confirmation","","[]","default",""
"39e19b243edd8087","adfe7996cdb0569693423e5c72e58210","","","""2026-10-01T15:18:32.267Z""","API","gate.correct","NUMERIC","1","","Predicted 6800, confirmed 6800","{}","","invoice_confirmation","","[]","default",""
"349334dcdefc3fb2","15eaa17b8e23f3ecd70356f436b0bb74","","","""2026-10-01T15:18:27.355Z""","API","gate.correct","NUMERIC","1","","Predicted 6500, confirmed 6500","{}","","invoice_confirmation","","[]","default",""
"605333d5671e072d","eccb4e56fd5d1367e2b836804082b932","","","""2026-10-01T15:18:20.847Z""","API","gate.correct","NUMERIC","1","","Predicted 6300, confirmed 6300","{}","","invoice_confirmation","","[]","default",""
"83b59d3761a28864","d8426512b9b33bc3c7226e40368607b4","","","""2026-10-01T14:01:48.546Z""","API","gate.correct","NUMERIC","1","","Predicted 6200, confirmed 6200","{}","","invoice_confirmation","","[]","default",""
"d4a3d028ce1dbdd5","f2dd767f19507fc6c11248399c81e600","","","""2026-10-01T14:01:44.191Z""","API","gate.correct","NUMERIC","1","","Predicted 6100, confirmed 6100","{}","","invoice_confirmation","","[]","default",""
"a66af2629c98535d","5422e5c98d617f91294e6cc6f7f22cf9","","","""2026-10-01T14:01:39.990Z""","API","gate.correct","NUMERIC","1","","Predicted 6800, confirmed 6800","{}","","invoice_confirmation","","[]","default",""
"ccd36911ed8f4b0b","aabe12ecc11ab1b2d949ac55d85e7e51","","","""2026-10-01T14:01:34.833Z""","API","gate.correct","NUMERIC","1","","Predicted 6500, confirmed 6500","{}","","invoice_confirmation","","[]","default",""
"95169b6477e29365","44eb6ce0a7db50ee206d6380a2e18d7c","","","""2026-10-01T14:01:29.247Z""","API","gate.correct","NUMERIC","1","","Predicted 6300, confirmed 6300","{}","","invoice_confirmation","","[]","default",""
"7062a459d2e1fc6f","9b9c15b79c0d7ddcebb85cf53b32c1ed","","","""2026-10-01T14:01:24.703Z""","API","gate.correct","NUMERIC","1","","Predicted 6600, confirmed 6600","{}","","invoice_confirmation","","[]","default",""
"c07ae0aad145fee7","3e398040fe658cb4098e56124c3e8a85","","","""2026-10-01T14:01:19.624Z""","API","gate.correct","NUMERIC","1","","Predicted 6700, confirmed 6700","{}","","invoice_confirmation","","[]","default",""
"caa5e717822880f1","d1eb067473d8066c3296f77afe16a62a","","","""2026-10-01T14:01:13.959Z""","API","gate.correct","NUMERIC","1","","Predicted 7100, confirmed 7100","{}","","invoice_confirmation","","[]","default",""
"0e5e1f1dd96fa2be","cad475a445552b152d05457f05bd55c8","","","""2026-10-01T14:01:08.570Z""","API","gate.correct","NUMERIC","1","","Predicted 6400, confirmed 6400","{}","","invoice_confirmation","","[]","default",""
"4d2f922e4377ebdc","cc4a8da7db6b4cd75c284d6ce4dad482","","","""2026-10-01T14:01:02.870Z""","API","gate.correct","NUMERIC","1","","Predicted 6200, confirmed 6200","{}","","invoice_confirmation","","[]","default",""
"038962bbcda1dd08","ef137ce8636ecef2c9bb94101c197213","","","""2026-10-01T14:00:57.566Z""","API","gate.correct","NUMERIC","1","","Predicted 6100, confirmed 6100","{}","","invoice_confirmation","","[]","default",""
"5547b5ad2cd778d7","fe0c4850c43c43cae7674ed57ab96609","","","""2026-10-01T14:00:51.963Z""","API","gate.correct","NUMERIC","1","","Predicted 6800, confirmed 6800","{}","","invoice_confirmation","","[]","default",""
"d5832c3fd72dcd79","e4a1c5f0d8e204c086447bd4123e697f","","","""2026-10-01T14:00:46.426Z""","API","gate.correct","NUMERIC","1","","Predicted 6500, confirmed 6500","{}","","invoice_confirmation","","[]","default",""
"e22f6f3c2e49e30a","ff46a68546b115a001cb7758d302289c","","","""2026-10-01T14:00:41.565Z""","API","gate.correct","NUMERIC","1","","Predicted 6300, confirmed 6300","{}","","invoice_confirmation","","[]","default",""
"3346569963ad53b2","15447b14f4b4e76792e5ecfd9fdbd2ad","","","""2026-10-01T14:00:36.551Z""","API","gate.correct","NUMERIC","1","","Predicted 6600, confirmed 6600","{}","","invoice_confirmation","","[]","default",""
"1e86365034a0af03","55e7a4b56e97befaf42b89ad1eef3778","","","""2026-10-01T14:00:31.594Z""","API","gate.correct","NUMERIC","1","","Predicted 6700, confirmed 6700","{}","","invoice_confirmation","","[]","default",""
"f442f63e1c59fef0","dbbdf6aa7709ec096776a6157140c5eb","","","""2026-10-01T14:00:25.836Z""","API","gate.correct","NUMERIC","1","","Predicted 7100, confirmed 7100","{}","","invoice_confirmation","","[]","default",""
"deafeecd366a8f19","7f9c8dd9273b43b706101f5f32bcea19","","","""2026-10-01T14:00:20.605Z""","API","gate.correct","NUMERIC","1","","Predicted 6400, confirmed 6400","{}","","invoice_confirmation","","[]","default",""
"2828a38c72f81433","bbb4321817ec5e941d1ade93b742b7a3","","","""2026-10-01T14:00:15.070Z""","API","gate.correct","NUMERIC","1","","Predicted 6200, confirmed 6200","{}","","invoice_confirmation","","[]","default",""
"7d0b9c84c85a5491","fb1314280323ce5b23e6ca36332271cf","","","""2026-10-01T14:00:09.438Z""","API","gate.correct","NUMERIC","1","","Predicted 6100, confirmed 6100","{}","","invoice_confirmation","","[]","default",""
"160835d036c8063c","834f3289f78b8c5efdd534005c3c2ad8","","","""2026-10-01T14:00:03.842Z""","API","gate.correct","NUMERIC","1","","Predicted 6800, confirmed 6800","{}","","invoice_confirmation","","[]","default",""
"c18a8291e5b4d0f0","5bfbd1b6591d61dbd81720c142c20b69","","","""2026-10-01T13:59:58.464Z""","API","gate.correct","NUMERIC","1","","Predicted 6500, confirmed 6500","{}","","invoice_confirmation","","[]","default",""
"339dff742969aa1e","aad3da797908872b8a18f3f01edaaac5","","","""2026-10-01T13:59:54.021Z""","API","gate.correct","NUMERIC","1","","Predicted 6300, confirmed 6300","{}","","invoice_confirmation","","[]","default",""
"8d5627e73a06f1e1","2d420a1bf46df1fc04e8d259d60149b6","","","""2026-10-01T13:59:48.636Z""","API","gate.correct","NUMERIC","1","","Predicted 6600, confirmed 6600","{}","","invoice_confirmation","","[]","default",""
"c4f124bdfc7c34b6","2b135f4a3e21c4a0aab4c4d5195454b3","","","""2026-10-01T13:59:43.154Z""","API","gate.correct","NUMERIC","1","","Predicted 6700, confirmed 6700","{}","","invoice_confirmation","","[]","default",""
"4da979991453f114","88e7c8afa973570b5be0e03fc254190a","","","""2026-10-01T13:59:38.316Z""","API","gate.correct","NUMERIC","1","","Predicted 7100, confirmed 7100","{}","","invoice_confirmation","","[]","default",""
"098e12bb044f2845","44a50a1de60378bd433c81027f71c0c9","","","""2026-10-01T13:59:32.259Z""","API","gate.correct","NUMERIC","1","","Predicted 6400, confirmed 6400","{}","","invoice_confirmation","","[]","default",""
"937e8d319232932a","34a1f9f3f9d0ca036f601fd5f2f2bff8","","","""2026-10-01T13:59:27.970Z""","API","gate.correct","NUMERIC","1","","Predicted 6200, confirmed 6200","{}","","invoice_confirmation","","[]","default",""
"93017f2290cafacb","588af48f9152215a00e0857bf09059a2","","","""2026-10-01T13:59:23.097Z""","API","gate.correct","NUMERIC","1","","Predicted 6100, confirmed 6100","{}","","invoice_confirmation","","[]","default",""
"68c40b4884b68a6e","55efd8459f8837cf32fa0e5236702a78","","","""2026-10-01T13:59:17.239Z""","API","gate.correct","NUMERIC","1","","Predicted 6800, confirmed 6800","{}","","invoice_confirmation","","[]","default",""
"5777b28b1d0c59bd","95490674b18c5ba8b9e944a00a20cc64","","","""2026-10-01T13:59:10.884Z""","API","gate.correct","NUMERIC","1","","Predicted 6500, confirmed 6500","{}","","invoice_confirmation","","[]","default",""
"a6ded97f7e57dc35","c7449c2e2824dd132eddd14634dd4831","","","""2026-10-01T13:59:05.118Z""","API","gate.correct","NUMERIC","1","","Predicted 6300, confirmed 6300","{}","","invoice_confirmation","","[]","default",""
"5d87b3bdbf809184","833af0dc9e4e580a9a370f303f3e673f","","","""2026-10-01T13:59:00.352Z""","API","gate.correct","NUMERIC","1","","Predicted 6600, confirmed 6600","{}","","invoice_confirmation","","[]","default",""
"b67d9f4674253da5","e86425bd61c479fa06d43d576a2c0c4e","","","""2026-10-01T13:58:55.209Z""","API","gate.correct","NUMERIC","1","","Predicted 6700, confirmed 6700","{}","","invoice_confirmation","","[]","default",""
"d7eff782ad536fa4","1011e6e9f18f17b22ea485f4e9bfee09","","","""2026-10-01T13:58:49.707Z""","API","gate.correct","NUMERIC","1","","Predicted 7100, confirmed 7100","{}","","invoice_confirmation","","[]","default",""
"cf9de66e607d115f","c387108522154917696c750a6f17a681","","","""2026-10-01T13:58:44.104Z""","API","gate.correct","NUMERIC","1","","Predicted 6400, confirmed 6400","{}","","invoice_confirmation","","[]","default",""
"356708dc1d79d605","299b66f1af4be73d120534bb6ce559d4","","","""2026-10-01T13:58:38.752Z""","API","gate.correct","NUMERIC","1","","Predicted 6200, confirmed 6200","{}","","invoice_confirmation","","[]","default",""
"7c8eb1fe82e8e9fe","74c9e4bd1187b3b70be345782be00fe6","","","""2026-10-01T13:58:33.409Z""","API","gate.correct","NUMERIC","1","","Predicted 6100, confirmed 6100","{}","","invoice_confirmation","","[]","default",""
"dce1c9ab9e85e567","66ecaa142fc09c25e6fd4703baf9edcb","","","""2026-10-01T13:58:28.520Z""","API","gate.correct","NUMERIC","1","","Predicted 6800, confirmed 6800","{}","","invoice_confirmation","","[]","default",""
"1f78a1371d77305f","df3c3441320e349c13c9be3329571ce7","","","""2026-10-01T13:58:17.133Z""","API","gate.correct","NUMERIC","1","","Predicted 6500, confirmed 6500","{}","","invoice_confirmation","","[]","default",""
"42af869dd07797bc","3d4a3af8c4893f965ad1ee72fba1b268","","","""2026-10-01T13:58:11.771Z""","API","gate.correct","NUMERIC","1","","Predicted 6300, confirmed 6300","{}","","invoice_confirmation","","[]","default",""
"b92fd30c6a91d25d","9bc208ab9fb3f8f47aaecc340754a106","","","""2026-10-01T13:58:06.197Z""","API","gate.correct","NUMERIC","1","","Predicted 6600, confirmed 6600","{}","","invoice_confirmation","","[]","default",""
"8ffbcda1e72b6a3b","746a0480536754e9fc5b6d57c28c5a42","","","""2026-10-01T13:58:00.668Z""","API","gate.correct","NUMERIC","1","","Predicted 6700, confirmed 6700","{}","","invoice_confirmation","","[]","default",""
"e0ce5c18880a73e0","a32fe275065c50992b51895c87454421","","","""2026-10-01T13:57:55.355Z""","API","gate.correct","NUMERIC","1","","Predicted 7100, confirmed 7100","{}","","invoice_confirmation","","[]","default",""
"c9d68371ab7e3c0b","dd0d81dfbf13f75da8af35e10e274f2f","","","""2026-10-01T13:57:49.629Z""","API","gate.correct","NUMERIC","1","","Predicted 6400, confirmed 6400","{}","","invoice_confirmation","","[]","default",""
"68af36321a83bb8e","8f1ee86a2b4fc4e39b022f1e909db3cf","","","""2026-10-01T13:57:44.329Z""","API","gate.correct","NUMERIC","1","","Predicted 6200, confirmed 6200","{}","","invoice_confirmation","","[]","default",""
"1809c48dedcdeb46","428c8eacabf8a89c9b97c55d2604f52b","","","""2026-10-01T13:57:38.804Z""","API","gate.correct","NUMERIC","1","","Predicted 6100, confirmed 6100","{}","","invoice_confirmation","","[]","default",""
"bf9c4777c6c8557f","48d7b6c1b23578f4d86b2e3736de7ce3","","","""2026-10-01T13:57:33.303Z""","API","gate.correct","NUMERIC","1","","Predicted 6800, confirmed 6800","{}","","invoice_confirmation","","[]","default",""
"d1ba9f33dd776185","091a4001c7497f6a2b05417020d87558","","","""2026-10-01T13:57:27.689Z""","API","gate.correct","NUMERIC","1","","Predicted 6500, confirmed 6500","{}","","invoice_confirmation","","[]","default",""
"1e2138fa6544c683","6edbfe7c488bb2c38f5975137e927e25","","","""2026-10-01T13:57:22.372Z""","API","gate.correct","NUMERIC","1","","Predicted 6300, confirmed 6300","{}","","invoice_confirmation","","[]","default",""
"92eb33a73bcc9d2f","5450a8c16d5a1adaee0e6730de1e93c2","","","""2026-10-01T13:57:16.871Z""","API","gate.correct","NUMERIC","1","","Predicted 6600, confirmed 6600","{}","","invoice_confirmation","","[]","default",""
"48ee9dadc152721f","c6a514d1be0e5985f299a1c8db276c5a","","","""2026-10-01T13:57:11.343Z""","API","gate.correct","NUMERIC","1","","Predicted 6700, confirmed 6700","{}","","invoice_confirmation","","[]","default",""
"08e52c3eac2cf1a5","7285a8a53c724e3f6f3bf1763b3d948a","","","""2026-10-01T13:57:05.849Z""","API","gate.correct","NUMERIC","1","","Predicted 7100, confirmed 7100","{}","","invoice_confirmation","","[]","default",""
"42069d472dadb5c9","963805f57a0bb50a7509c38aa083573c","","","""2026-10-01T13:57:00.392Z""","API","gate.correct","NUMERIC","1","","Predicted 6400, confirmed 6400","{}","","invoice_confirmation","","[]","default",""
"abdf49fed9c0748a","f9b29c93a0243094a35f44fca3b44924","","","""2026-10-01T13:56:53.887Z""","API","gate.correct","NUMERIC","1","","Predicted 6200, confirmed 6200","{}","","invoice_confirmation","","[]","default",""
"45f3ca19e95c9643","5bdd22521e00df894fd734a9ff2490a5","","","""2026-10-01T13:56:48.973Z""","API","gate.correct","NUMERIC","1","","Predicted 6100, confirmed 6100","{}","","invoice_confirmation","","[]","default",""
"eef6d6d107060346","55a86cc092a1a2fb17580ef4e6c570b7","","","""2026-10-01T13:56:43.264Z""","API","gate.correct","NUMERIC","1","","Predicted 6800, confirmed 6800","{}","","invoice_confirmation","","[]","default",""
"3bdd5f4eb21e6f94","bf782fa258a61eac00fb84e137c6c393","","","""2026-10-01T13:56:37.580Z""","API","gate.correct","NUMERIC","1","","Predicted 6500, confirmed 6500","{}","","invoice_confirmation","","[]","default",""
"6e8e0d9e5e81bbc5","aeb703eac0970315e669392844d6f082","","","""2026-10-01T13:56:31.902Z""","API","gate.correct","NUMERIC","1","","Predicted 6300, confirmed 6300","{}","","invoice_confirmation","","[]","default",""
"39f44c582a1a0efb","48922c4f597027f55a45ebaebc3436c9","","","""2026-10-01T13:56:27.589Z""","API","gate.correct","NUMERIC","1","","Predicted 6600, confirmed 6600","{}","","invoice_confirmation","","[]","default",""
"c596a4426d4aec8a","e6eebb459fa163dda4c39b8f5410425c","","","""2026-10-01T13:56:22.316Z""","API","gate.correct","NUMERIC","1","","Predicted 6700, confirmed 6700","{}","","invoice_confirmation","","[]","default",""
"4034054ae222a537","cd68e56972c3393c5b48d987fc42c685","","","""2026-10-01T13:56:16.722Z""","API","gate.correct","NUMERIC","1","","Predicted 7100, confirmed 7100","{}","","invoice_confirmation","","[]","default",""
"445a9b27c6e9599d","6bcfdd8e283236ad4dc9c80b30f86a52","","","""2026-10-01T13:56:11.480Z""","API","gate.correct","NUMERIC","1","","Predicted 6400, confirmed 6400","{}","","invoice_confirmation","","[]","default",""
"497f2a373b3b2343","56cda61335fda2d3da8c172a7ed5ca5a","","","""2026-10-01T13:56:05.864Z""","API","gate.correct","NUMERIC","1","","Predicted 6200, confirmed 6200","{}","","invoice_confirmation","","[]","default",""
"bfcd78afa45c843d","73fc896d607d40b063f3db6ce415514c","","","""2026-10-01T13:56:00.504Z""","API","gate.correct","NUMERIC","1","","Predicted 6100, confirmed 6100","{}","","invoice_confirmation","","[]","default",""
"1e5627f461d0c574","b5a48a4b7e85ef0b01a2bb33c6abcfe9","","","""2026-10-01T13:55:54.940Z""","API","gate.correct","NUMERIC","1","","Predicted 6800, confirmed 6800","{}","","invoice_confirmation","","[]","default",""
"6e8bb1d71d0d513c","2d5a40242218a86f1e73349c39a796c7","","","""2026-10-01T13:55:49.328Z""","API","gate.correct","NUMERIC","1","","Predicted 6500, confirmed 6500","{}","","invoice_confirmation","","[]","default",""
"ceb6a5228bb9e5e3","4570ce2948a288e80eb892660c635e0a","","","""2026-10-01T13:55:45.073Z""","API","gate.correct","NUMERIC","1","","Predicted 6300, confirmed 6300","{}","","invoice_confirmation","","[]","default",""
"e7266af73c1160c9","83a2d22ec5387ffe4912cee33d092183","","","""2026-10-01T13:55:39.642Z""","API","gate.correct","NUMERIC","1","","Predicted 6600, confirmed 6600","{}","","invoice_confirmation","","[]","default",""
"018282a5f2603b7a","52bd2c3e7ea73f9d065ed987df657ea1","","","""2026-10-01T13:55:34.220Z""","API","gate.correct","NUMERIC","1","","Predicted 6700, confirmed 6700","{}","","invoice_confirmation","","[]","default",""
"a8947412d7dfe7e1","43954ce1adee982cab94796b09bc84f0","","","""2026-10-01T13:55:29.093Z""","API","gate.correct","NUMERIC","1","","Predicted 7100, confirmed 7100","{}","","invoice_confirmation","","[]","default",""
"fe48ecb884bb33c9","5b9179d63a145ad965aea6039b7e4e3f","","","""2026-10-01T13:55:23.231Z""","API","gate.correct","NUMERIC","1","","Predicted 6400, confirmed 6400","{}","","invoice_confirmation","","[]","default",""
"2c10d63916e65a98","9f26e1e2186158ea1d3b7ba528fc2919","","","""2026-10-01T13:55:17.804Z""","API","gate.correct","NUMERIC","1","","Predicted 6200, confirmed 6200","{}","","invoice_confirmation","","[]","default",""
"a199ed71ffbd0fbf","5dc7256df8e78d759b9a2576e42ecb2f","","","""2026-10-01T13:55:12.404Z""","API","gate.correct","NUMERIC","1","","Predicted 6100, confirmed 6100","{}","","invoice_confirmation","","[]","default",""
"c32beca40f7302da","c61e20988c2c74c26e6e44c9d6128481","","","""2026-10-01T13:55:06.787Z""","API","gate.correct","NUMERIC","1","","Predicted 6800, confirmed 6800","{}","","invoice_confirmation","","[]","default",""
"1bb9114baf419e5b","c48fe9a584894300c5e2065b63fea077","","","""2026-10-01T13:55:01.458Z""","API","gate.correct","NUMERIC","1","","Predicted 6500, confirmed 6500","{}","","invoice_confirmation","","[]","default",""
"80b176054c3bac6f","706cf99787e2392c5a0601b5410cd5d5","","","""2026-10-01T13:54:55.833Z""","API","gate.correct","NUMERIC","1","","Predicted 6300, confirmed 6300","{}","","invoice_confirmation","","[]","default",""
"5e09e556fc8262d4","7857cc7f8040c851492775f59041c50a","","","""2026-10-01T13:54:50.792Z""","API","gate.correct","NUMERIC","1","","Predicted 6600, confirmed 6600","{}","","invoice_confirmation","","[]","default",""
"300aa89df4e203b4","552357ffc1465cfb7a15bb84218a4531","","","""2026-10-01T13:54:45.546Z""","API","gate.correct","NUMERIC","1","","Predicted 6700, confirmed 6700","{}","","invoice_confirmation","","[]","default",""
"d2c1be42f8c9e85c","2a17415a07ee39f3443850a62ea496eb","","","""2026-10-01T13:54:40.055Z""","API","gate.correct","NUMERIC","1","","Predicted 7100, confirmed 7100","{}","","invoice_confirmation","","[]","default",""
"a7cb1a853f909e98","398949eaa98aac27cda19ab65c5bfd7b","","","""2026-10-01T13:54:34.360Z""","API","gate.correct","NUMERIC","1","","Predicted 6400, confirmed 6400","{}","","invoice_confirmation","","[]","default",""
"c91160dddde76136","e3acb0d4fba7bc1d0ffc2b9a3b0523f1","","","""2026-10-01T13:54:29.207Z""","API","gate.correct","NUMERIC","1","","Predicted 6200, confirmed 6200","{}","","invoice_confirmation","","[]","default",""
"c01374a3f5c289d4","9cc5fdd4cb7434eb2b66cd1cadded266","","","""2026-10-01T13:54:24.598Z""","API","gate.correct","NUMERIC","1","","Predicted 6100, confirmed 6100","{}","","invoice_confirmation","","[]","default",""
"3241f39170095964","a169c25e973855080362158bb676cf1e","","","""2026-10-01T13:54:19.391Z""","API","gate.correct","NUMERIC","1","","Predicted 6800, confirmed 6800","{}","","invoice_confirmation","","[]","default",""
"42a55df963caf0e9","5a01d62bb4aebea98f1da82344c2a37c","","","""2026-10-01T13:54:13.007Z""","API","gate.correct","NUMERIC","1","","Predicted 6500, confirmed 6500","{}","","invoice_confirmation","","[]","default",""
"ad18c32d0af5a029","35131c567a676500714016358f09df9a","","","""2026-10-01T13:54:08.029Z""","API","gate.correct","NUMERIC","1","","Predicted 6300, confirmed 6300","{}","","invoice_confirmation","","[]","default",""
"fccc0d3c6260ccb0","6aecf82a028950b04a5212ccfaf06cf9","","","""2026-10-01T13:54:03.104Z""","API","gate.correct","NUMERIC","1","","Predicted 6600, confirmed 6600","{}","","invoice_confirmation","","[]","default",""
"0c9ad531ae239129","e60526f6941b14c95e220a30698ac8cd","","","""2026-10-01T13:53:57.854Z""","API","gate.correct","NUMERIC","1","","Predicted 6700, confirmed 6700","{}","","invoice_confirmation","","[]","default",""
"fe402b0efa14625b","31d412968fd1f8c90ef448ca26ac0048","","","""2026-10-01T13:53:52.457Z""","API","gate.correct","NUMERIC","1","","Predicted 7100, confirmed 7100","{}","","invoice_confirmation","","[]","default",""
"0e060865e41fd294","e0387968d24a41e0c7a3c58a87c78f33","","","""2026-10-01T13:53:46.788Z""","API","gate.correct","NUMERIC","1","","Predicted 6400, confirmed 6400","{}","","invoice_confirmation","","[]","default",""
"3bd503a80136c0f0","70b8b8d824fb95066f098f07c4ebdc00","","","""2026-10-01T13:53:41.409Z""","API","gate.correct","NUMERIC","1","","Predicted 6200, confirmed 6200","{}","","invoice_confirmation","","[]","default",""
"08da4cd6c05e074b","fb97d37fc1fe3df0a27dd879ad724b63","","","""2026-10-01T13:53:35.938Z""","API","gate.correct","NUMERIC","1","","Predicted 6100, confirmed 6100","{}","","invoice_confirmation","","[]","default",""
"f6d6d1f40dbb0336","cfcdfe13d323e3ed4179a5fcfe05b608","","","""2026-10-01T13:53:30.376Z""","API","gate.correct","NUMERIC","1","","Predicted 6800, confirmed 6800","{}","","invoice_confirmation","","[]","default",""
"8ec806f6ee8616b9","ccf59715a403f714be7ea58d72521680","","","""2026-10-01T13:53:24.852Z""","API","gate.correct","NUMERIC","1","","Predicted 6500, confirmed 6500","{}","","invoice_confirmation","","[]","default",""
"a5ed79c2ee1a5e0f","23dd9244a99f5cbece43ec38708eb182","","","""2026-10-01T13:53:19.408Z""","API","gate.correct","NUMERIC","1","","Predicted 6300, confirmed 6300","{}","","invoice_confirmation","","[]","default",""
"63ba578a99456e30","fc5f7bab34979144a3da4d4cf36de8c9","","","""2026-10-01T13:53:13.909Z""","API","gate.correct","NUMERIC","1","","Predicted 6600, confirmed 6600","{}","","invoice_confirmation","","[]","default",""
"4b88f841a99946e0","31f38422ed70de9a79f3bcfac221c455","","","""2026-10-01T13:53:06.458Z""","API","gate.correct","NUMERIC","1","","Predicted 6700, confirmed 6700","{}","","invoice_confirmation","","[]","default",""
"cc5172dd9b52102b","d3351beee86d075245796a4e860316e7","","","""2026-10-01T13:53:00.903Z""","API","gate.correct","NUMERIC","1","","Predicted 7100, confirmed 7100","{}","","invoice_confirmation","","[]","default",""
"98acf8ac37691535","ec11a96b301b0ac912e7315cfcb328cb","","","""2026-10-01T13:52:55.666Z""","API","gate.correct","NUMERIC","1","","Predicted 6400, confirmed 6400","{}","","invoice_confirmation","","[]","default",""
"690da92ce4bc0b3d","12702a0767f7ad967bf18de189033809","","","""2026-10-01T13:52:49.970Z""","API","gate.correct","NUMERIC","1","","Predicted 6200, confirmed 6200","{}","","invoice_confirmation","","[]","default",""
"5ea416651985b84d","49752a59681e6936b331a29586fb8666","","","""2026-10-01T13:52:45.624Z""","API","gate.correct","NUMERIC","1","","Predicted 6100, confirmed 6100","{}","","invoice_confirmation","","[]","default",""
"b5cf5708c8178dd5","a0b43afbd784ed4c91994d05f1abfd93","","","""2026-10-01T13:52:40.472Z""","API","gate.correct","NUMERIC","1","","Predicted 6800, confirmed 6800","{}","","invoice_confirmation","","[]","default",""
"c27893be03cb241a","6a2f3168cb91df50442bc50d85a666ff","","","""2026-10-01T13:52:35.949Z""","API","gate.correct","NUMERIC","1","","Predicted 6500, confirmed 6500","{}","","invoice_confirmation","","[]","default",""
"3874d6ec9a6a3d91","0a7144ff8ab78203996d4d6343012619","","","""2026-10-01T13:52:30.646Z""","API","gate.correct","NUMERIC","1","","Predicted 6300, confirmed 6300","{}","","invoice_confirmation","","[]","default",""
"cbd3c69ea82100d2","23a1c71d3fcf8500f079bce408fdba8e","","","""2026-10-01T13:52:26.227Z""","API","gate.correct","NUMERIC","1","","Predicted 6600, confirmed 6600","{}","","invoice_confirmation","","[]","default",""
"83729972e8e4b837","cc59d89ea3c64d20b0c1018fff0e7e44","","","""2026-10-01T13:52:21.213Z""","API","gate.correct","NUMERIC","1","","Predicted 6700, confirmed 6700","{}","","invoice_confirmation","","[]","default",""
"e2cdb2bc6a21617b","391493d493b9f4e3314de9e850d4a098","","","""2026-10-01T13:52:15.520Z""","API","gate.correct","NUMERIC","1","","Predicted 7100, confirmed 7100","{}","","invoice_confirmation","","[]","default",""
"45fb5d043b85494b","72610683cef0bc48d61830331a1f8670","","","""2026-10-01T13:52:10.274Z""","API","gate.correct","NUMERIC","1","","Predicted 6400, confirmed 6400","{}","","invoice_confirmation","","[]","default",""
"58a6cd15ab18c290","bd084d652c4939ac39473a7ed872f06c","","","""2026-10-01T13:52:04.581Z""","API","gate.correct","NUMERIC","1","","Predicted 6200, confirmed 6200","{}","","invoice_confirmation","","[]","default",""
"4a1011c937ebe36b","c2c6864d8f72d40921f9238d37f6cf85","","","""2026-10-01T13:51:59.102Z""","API","gate.correct","NUMERIC","1","","Predicted 6100, confirmed 6100","{}","","invoice_confirmation","","[]","default",""
"01b6443ffa296b80","ac9ad3b09e022e37c1c5350da63125f4","","","""2026-10-01T13:51:54.706Z""","API","gate.correct","NUMERIC","1","","Predicted 6800, confirmed 6800","{}","","invoice_confirmation","","[]","default",""
"574e8582d240acb0","5c7d1f031f586ac7bf171b03f8efc623","","","""2026-10-01T13:51:49.483Z""","API","gate.correct","NUMERIC","1","","Predicted 6500, confirmed 6500","{}","","invoice_confirmation","","[]","default",""
"be949038238dd228","6060b67c20776450b44f7c0d5e7b69b5","","","""2026-10-01T13:51:43.980Z""","API","gate.correct","NUMERIC","1","","Predicted 6300, confirmed 6300","{}","","invoice_confirmation","","[]","default",""
"8f501f85685e5b30","971101fbc303d8333b793da86d6f15ce","","","""2026-10-01T13:51:39.503Z""","API","gate.correct","NUMERIC","1","","Predicted 6600, confirmed 6600","{}","","invoice_confirmation","","[]","default",""
"4aafbdfbfb6d752d","6bc9a49d41a074a81bb33d24d2eaa2b1","","","""2026-10-01T13:51:34.213Z""","API","gate.correct","NUMERIC","1","","Predicted 6700, confirmed 6700","{}","","invoice_confirmation","","[]","default",""
"134528d30a9ec9e9","25dbcef7d95f7195b79deb84000f0521","","","""2026-10-01T13:51:28.675Z""","API","gate.correct","NUMERIC","1","","Predicted 7100, confirmed 7100","{}","","invoice_confirmation","","[]","default",""
"864158298b658560","6bbfac33a08fe388a98b5b03167af44d","","","""2026-10-01T13:51:23.443Z""","API","gate.correct","NUMERIC","1","","Predicted 6400, confirmed 6400","{}","","invoice_confirmation","","[]","default",""
"9e2d6d3a85f06105","eacd32718cd4249b8a785b63ea076b6e","","","""2026-10-01T13:51:17.894Z""","API","gate.correct","NUMERIC","1","","Predicted 6200, confirmed 6200","{}","","invoice_confirmation","","[]","default",""
"5819b283d3f70623","3646a1e6da97ad94367e14a612e0a48f","","","""2026-10-01T13:51:12.830Z""","API","gate.correct","NUMERIC","1","","Predicted 6100, confirmed 6100","{}","","invoice_confirmation","","[]","default",""
"d372cccf6e225c35","0ef69fd8f7a8b548b5368c63af665bf7","","","""2026-10-01T13:51:04.896Z""","API","gate.correct","NUMERIC","1","","Predicted 6800, confirmed 6800","{}","","invoice_confirmation","","[]","default",""
"26be45abd303582d","b719d663845abcdeaedba958203f5660","","","""2026-10-01T13:50:59.498Z""","API","gate.correct","NUMERIC","1","","Predicted 6500, confirmed 6500","{}","","invoice_confirmation","","[]","default",""
"773e778479b06682","36aff9913a13aa7624c7b83aad1e9866","","","""2026-10-01T13:50:53.732Z""","API","gate.correct","NUMERIC","1","","Predicted 6300, confirmed 6300","{}","","invoice_confirmation","","[]","default",""
"3e1322a5e5f86bbe","4b16180a28ca976d7946f9ae6f1502ab","","","""2026-10-01T13:50:49.341Z""","API","gate.correct","NUMERIC","1","","Predicted 6600, confirmed 6600","{}","","invoice_confirmation","","[]","default",""
"e28fee2e3350e867","ab0637c04ecfa0fb9842fd083a63efe5","","","""2026-10-01T13:50:45.304Z""","API","gate.correct","NUMERIC","1","","Predicted 6700, confirmed 6700","{}","","invoice_confirmation","","[]","default",""
"71ebb630f689addc","474de837c04ca79604c09c96ee43acae","","","""2026-10-01T13:50:39.884Z""","API","gate.correct","NUMERIC","1","","Predicted 7100, confirmed 7100","{}","","invoice_confirmation","","[]","default",""
"d7ed80f5e87c507a","3ef181f699695d40933012abb35db888","","","""2026-10-01T13:50:34.477Z""","API","gate.correct","NUMERIC","1","","Predicted 6400, confirmed 6400","{}","","invoice_confirmation","","[]","default",""
"48f6aef42a2846a0","c2ee2c17873f2895cfeb80a4e12d2db2","","","""2026-10-01T13:50:29.140Z""","API","gate.correct","NUMERIC","1","","Predicted 6200, confirmed 6200","{}","","invoice_confirmation","","[]","default",""
"184bbaa09460fa78","1c23e24cfe4c72593d2d49718628693b","","","""2026-10-01T13:50:23.573Z""","API","gate.correct","NUMERIC","1","","Predicted 6100, confirmed 6100","{}","","invoice_confirmation","","[]","default",""
"6a3d706c1f2a7472","3a92f92021e1e8c055eb43ffea60c41e","","","""2026-10-01T13:50:17.959Z""","API","gate.correct","NUMERIC","1","","Predicted 6800, confirmed 6800","{}","","invoice_confirmation","","[]","default",""
"dc1e2aa616d4ba29","0df215934ec1d1daac032a1194d79a5f","","","""2026-10-01T13:50:13.676Z""","API","gate.correct","NUMERIC","1","","Predicted 6500, confirmed 6500","{}","","invoice_confirmation","","[]","default",""
"ad707eacc1b3318e","940648810b2ec113d6f1d8c50ab06a63","","","""2026-10-01T13:50:08.207Z""","API","gate.correct","NUMERIC","1","","Predicted 6300, confirmed 6300","{}","","invoice_confirmation","","[]","default",""
"6492bd7b09e9dd36","96757471c62b11017de891d00295e39e","","","""2026-10-01T13:50:03.094Z""","API","gate.correct","NUMERIC","1","","Predicted 6600, confirmed 6600","{}","","invoice_confirmation","","[]","default",""
"057eb727446e92fe","efa85b8bb55c4e892c3edf47fb268794","","","""2026-10-01T13:49:57.503Z""","API","gate.correct","NUMERIC","1","","Predicted 6700, confirmed 6700","{}","","invoice_confirmation","","[]","default",""
"f2ca4c9991720600","9bd4bbbf1c87dcf33f83d21726d42e74","","","""2026-10-01T13:49:51.806Z""","API","gate.correct","NUMERIC","1","","Predicted 7100, confirmed 7100","{}","","invoice_confirmation","","[]","default",""
"9fed8079ec45cd88","21da3bee3252118c28b81e916a5eac3f","","","""2026-10-01T13:49:46.391Z""","API","gate.correct","NUMERIC","1","","Predicted 6400, confirmed 6400","{}","","invoice_confirmation","","[]","default",""
"22f9572a3fed2949","d80c11dae1ab15b96b4c9159d4555ab7","","","""2026-10-01T13:49:40.959Z""","API","gate.correct","NUMERIC","1","","Predicted 6200, confirmed 6200","{}","","invoice_confirmation","","[]","default",""
"566e892c94a38113","27d6a302e087884810ce7f158edbf1e9","","","""2026-10-01T13:49:35.608Z""","API","gate.correct","NUMERIC","1","","Predicted 6100, confirmed 6100","{}","","invoice_confirmation","","[]","default",""
"b7aa4ff4a28ad2e6","0715508740c3bb984eedd240a504daf0","","","""2026-10-01T13:49:31.106Z""","API","gate.correct","NUMERIC","1","","Predicted 6800, confirmed 6800","{}","","invoice_confirmation","","[]","default",""
"963f1c1aaac33656","bed2c3c5243c292320186362b98e25da","","","""2026-10-01T13:49:25.925Z""","API","gate.correct","NUMERIC","1","","Predicted 6500, confirmed 6500","{}","","invoice_confirmation","","[]","default",""
"621ed13b6399a0d0","d3b397bf04d32ca83759b70671fbac0d","","","""2026-10-01T13:49:20.793Z""","API","gate.correct","NUMERIC","1","","Predicted 6300, confirmed 6300","{}","","invoice_confirmation","","[]","default",""
"291996856a91f874","93bf93547bdc6e998aa05fcc62f15e91","","","""2026-10-01T13:49:13.734Z""","API","gate.correct","NUMERIC","1","","Predicted 6600, confirmed 6600","{}","","invoice_confirmation","","[]","default",""
"3663a6dcbd5ef7b3","a42e566ab0219c1b3ca5ac985456977c","","","""2026-10-01T13:49:08.344Z""","API","gate.correct","NUMERIC","1","","Predicted 6700, confirmed 6700","{}","","invoice_confirmation","","[]","default",""
"445f1806c0e161ef","2405d5c3d1c1f630c312b37694ad2515","","","""2026-10-01T13:49:01.944Z""","API","gate.correct","NUMERIC","1","","Predicted 6400, confirmed 6400","{}","","invoice_confirmation","","[]","default",""
"11d76e39771b3fe2","d93e9e26778937e2f7e670da9fd64485","","","""2026-10-01T13:48:56.434Z""","API","gate.correct","NUMERIC","1","","Predicted 6200, confirmed 6200","{}","","invoice_confirmation","","[]","default",""
"3c20cf081cfb33a1","a8319c75cc1c75c3f9874c4c8e60a20f","","","""2026-10-01T13:48:50.942Z""","API","gate.correct","NUMERIC","1","","Predicted 6100, confirmed 6100","{}","","invoice_confirmation","","[]","default",""
"eb51f1070795af63","a94cd41a2eb61b291d58491639fb07bb","","","""2026-10-01T13:48:46.510Z""","API","gate.correct","NUMERIC","1","","Predicted 6800, confirmed 6800","{}","","invoice_confirmation","","[]","default",""
"97c038ca532a3c23","5763174b6f3dfcc8b1b764583e13d9d7","","","""2026-10-01T13:48:41.195Z""","API","gate.correct","NUMERIC","1","","Predicted 6500, confirmed 6500","{}","","invoice_confirmation","","[]","default",""
"58b6dd2c33541ec5","970f6f6c1f5b650b3b01bad24daec299","","","""2026-10-01T13:48:35.913Z""","API","gate.correct","NUMERIC","1","","Predicted 6300, confirmed 6300","{}","","invoice_confirmation","","[]","default",""
"7d4eddeee056b9d6","a67162f62193998765bd2cd2132b530d","","","""2026-10-01T13:48:31.291Z""","API","gate.correct","NUMERIC","1","","Predicted 6600, confirmed 6600","{}","","invoice_confirmation","","[]","default",""
"6d6e2cf12dc39922","fdbee9a3bd76db2ec488ccbeb275f8fc","","","""2026-10-01T13:48:26.083Z""","API","gate.correct","NUMERIC","1","","Predicted 6600, confirmed 6600","{}","","invoice_confirmation","","[]","default",""
"74381e9041c4bb17","706ac405360ea32ffd8c7bbc62974751","","","""2026-10-01T13:48:20.512Z""","API","gate.correct","NUMERIC","1","","Predicted 6600, confirmed 6600","{}","","invoice_confirmation","","[]","default",""
"b17fe431c89e3d29","e8f191816bd5d9714507eea5e982768b","","","""2026-10-01T13:48:14.199Z""","API","gate.correct","NUMERIC","1","","Predicted 6600, confirmed 6600","{}","","invoice_confirmation","","[]","default",""
"39eb45bd6e71ac18","9931b1c90025930f2d610baeae356072","","","""2026-10-01T13:48:08.794Z""","API","gate.correct","NUMERIC","1","","Predicted 6600, confirmed 6600","{}","","invoice_confirmation","","[]","default",""
"f31ddf19b28d8036","80d290ca438f4ff68bd75b5a65f6cbd7","","","""2026-10-01T13:48:03.446Z""","API","gate.correct","NUMERIC","1","","Predicted 6600, confirmed 6600","{}","","invoice_confirmation","","[]","default",""
"8fce619c2e6b8d9a","78f83f02a56085d2be7339516f2ffb66","","","""2026-10-01T13:47:58.488Z""","API","gate.correct","NUMERIC","1","","Predicted 6600, confirmed 6600","{}","","invoice_confirmation","","[]","default",""
"c6a123cd90645c33","ff76b4db4cb4a020d3205dbeb1f44550","","","""2026-10-01T13:47:50.436Z""","API","gate.correct","NUMERIC","1","","Predicted 6700, confirmed 6700","{}","","invoice_confirmation","","[]","default",""
"675efbe6808dd029","1c124752c37146e28de8724cf671c346","","","""2026-10-01T13:47:45.995Z""","API","gate.correct","NUMERIC","1","","Predicted 6700, confirmed 6700","{}","","invoice_confirmation","","[]","default",""
"be25554aa295cc79","802d21f50c85a9dfca3db94787cce0e5","","","""2026-10-01T13:47:40.774Z""","API","gate.correct","NUMERIC","1","","Predicted 6700, confirmed 6700","{}","","invoice_confirmation","","[]","default",""
"65e6069052b6ad84","58ed4a81650b84e696bfcff26ced1c20","","","""2026-10-01T13:47:36.382Z""","API","gate.correct","NUMERIC","1","","Predicted 6700, confirmed 6700","{}","","invoice_confirmation","","[]","default",""
"803e9d45ceb7c4e2","ae989f95bfa322bd387d379ba40a2418","","","""2026-10-01T13:47:31.007Z""","API","gate.correct","NUMERIC","1","","Predicted 6700, confirmed 6700","{}","","invoice_confirmation","","[]","default",""
"59e22ba29808451a","0d33c6539477304d6b1cf2316c14e2b7","","","""2026-10-01T13:47:25.512Z""","API","gate.correct","NUMERIC","1","","Predicted 7100, confirmed 7100","{}","","invoice_confirmation","","[]","default",""
"5796da062302d17d","e3de553e8a907525c123990dc2708954","","","""2026-10-01T13:47:21.165Z""","API","gate.correct","NUMERIC","1","","Predicted 7100, confirmed 7100","{}","","invoice_confirmation","","[]","default",""
"b2e9a652928ce277","5bd100e7cf3f7a4bf2fd1ececf283c27","","","""2026-10-01T13:47:16.340Z""","API","gate.correct","NUMERIC","1","","Predicted 7100, confirmed 7100","{}","","invoice_confirmation","","[]","default",""
"8e319c1450d642fc","a421e020d08c61a9f13b1bf4758e639d","","","""2026-10-01T13:47:10.968Z""","API","gate.correct","NUMERIC","1","","Predicted 7100, confirmed 7100","{}","","invoice_confirmation","","[]","default",""
"68a944832e781ada","4f4e26a1ef09fb336748d9c4361127db","","","""2026-10-01T13:47:05.553Z""","API","gate.correct","NUMERIC","1","","Predicted 7100, confirmed 7100","{}","","invoice_confirmation","","[]","default",""
"5def9b20acd5036d","7a388d39f050e4b238722426e741269f","","","""2026-10-01T13:47:00.380Z""","API","gate.correct","NUMERIC","1","","Predicted 6400, confirmed 6400","{}","","invoice_confirmation","","[]","default",""
"becd50142934a5fc","61d833b626a922d12f6e1f5641ead89a","","","""2026-10-01T13:46:54.535Z""","API","gate.correct","NUMERIC","1","","Predicted 6400, confirmed 6400","{}","","invoice_confirmation","","[]","default",""
"b0d24916983d3776","b1abe90abc58f0535039cf761dd3314c","","","""2026-10-01T13:46:49.058Z""","API","gate.correct","NUMERIC","1","","Predicted 6400, confirmed 6400","{}","","invoice_confirmation","","[]","default",""
"d9f14a248e871e2b","90ff0675d42bd8fb413fe8cdee594f5e","","","""2026-10-01T13:46:43.780Z""","API","gate.correct","NUMERIC","1","","Predicted 6400, confirmed 6400","{}","","invoice_confirmation","","[]","default",""
"ea6b2e4cc968a5cf","8bcf76b137f75d1dbeda856ec116e612","","","""2026-10-01T13:46:38.923Z""","API","gate.correct","NUMERIC","1","","Predicted 6400, confirmed 6400","{}","","invoice_confirmation","","[]","default",""
"6f4ad769ea5eb07f","52551685a86d000bc2213c2c0ff77e3e","","","""2026-10-01T13:46:29.729Z""","API","gate.correct","NUMERIC","1","","Predicted 6200, confirmed 6200","{}","","invoice_confirmation","","[]","default",""
"4f18a67a517913d9","e4b392d50251a46502f0b2a55d061b39","","","""2026-10-01T13:46:24.231Z""","API","gate.correct","NUMERIC","1","","Predicted 6200, confirmed 6200","{}","","invoice_confirmation","","[]","default",""
"54b152a1ce5ff996","0e26fc16ca36146a446b6a0092ed9312","","","""2026-10-01T13:46:18.735Z""","API","gate.correct","NUMERIC","1","","Predicted 6200, confirmed 6200","{}","","invoice_confirmation","","[]","default",""
"31903306ed5b3091","fdd87c1979b97cc57f8c76b817bf6272","","","""2026-10-01T13:46:12.982Z""","API","gate.correct","NUMERIC","1","","Predicted 6200, confirmed 6200","{}","","invoice_confirmation","","[]","default",""
"b5c936e735009e96","ef5047417267d6ba2d4921605541b71e","","","""2026-10-01T13:46:07.852Z""","API","gate.correct","NUMERIC","1","","Predicted 6200, confirmed 6200","{}","","invoice_confirmation","","[]","default",""
"e1f481d81b465c89","fffd592ee855f6882419140139cdf4c0","","","""2026-10-01T13:46:03.242Z""","API","gate.correct","NUMERIC","1","","Predicted 6100, confirmed 6100","{}","","invoice_confirmation","","[]","default",""
"689237bcdeb976ee","b520295455e0f433bc4ce72aceb8ce64","","","""2026-10-01T13:45:57.867Z""","API","gate.correct","NUMERIC","1","","Predicted 6100, confirmed 6100","{}","","invoice_confirmation","","[]","default",""
"3edc845a44921e98","6b6dcec451681d3a38b6cdcc8e6c116c","","","""2026-10-01T13:45:52.672Z""","API","gate.correct","NUMERIC","1","","Predicted 6100, confirmed 6100","{}","","invoice_confirmation","","[]","default",""
"8a72e55a3c9ff619","fdbe8990834b6d43d4ccfbc7e8fda80f","","","""2026-10-01T13:45:46.906Z""","API","gate.correct","NUMERIC","1","","Predicted 6100, confirmed 6100","{}","","invoice_confirmation","","[]","default",""
"400e4993056ddfae","5444a5d8ebf6b70186bcba8fc589c373","","","""2026-10-01T13:45:41.469Z""","API","gate.correct","NUMERIC","1","","Predicted 6100, confirmed 6100","{}","","invoice_confirmation","","[]","default",""
"dff63e8e99a2b401","d28285f846dab7f235b1fb3ee92d98be","","","""2026-10-01T13:45:36.019Z""","API","gate.correct","NUMERIC","1","","Predicted 6800, confirmed 6800","{}","","invoice_confirmation","","[]","default",""
"6e16c22586d95069","5650a51122c7a196fa697360ced6ad06","","","""2026-10-01T13:45:30.501Z""","API","gate.correct","NUMERIC","1","","Predicted 6800, confirmed 6800","{}","","invoice_confirmation","","[]","default",""
"b07623da03eee1fc","8538b880ee40acbb87a3e0ccc3f40244","","","""2026-10-01T13:45:25.508Z""","API","gate.correct","NUMERIC","1","","Predicted 6800, confirmed 6800","{}","","invoice_confirmation","","[]","default",""
"65f1b7d535c9b6b5","3ac2a6e5ce4cdefd04cb102f5753401a","","","""2026-10-01T13:45:18.229Z""","API","gate.correct","NUMERIC","1","","Predicted 6800, confirmed 6800","{}","","invoice_confirmation","","[]","default",""
"52891cd6c1c85aa7","2433ac9ede6a269d276dc9b12b27c03a","","","""2026-10-01T13:45:12.780Z""","API","gate.correct","NUMERIC","1","","Predicted 6800, confirmed 6800","{}","","invoice_confirmation","","[]","default",""
"a99edfa81661c4f9","454250bf0a193cd0616fdd406ecc3463","","","""2026-10-01T13:45:06.477Z""","API","gate.correct","NUMERIC","1","","Predicted 6800, confirmed 6800","{}","","invoice_confirmation","","[]","default",""
"a3d2bda9fd90bf3d","02068d0e5fc9d20f07844d19c2303876","","","""2026-10-01T13:45:00.945Z""","API","gate.correct","NUMERIC","1","","Predicted 6800, confirmed 6800","{}","","invoice_confirmation","","[]","default",""
"66a850c8a11fc0b2","fdd8437545381989240809eeb0956140","","","""2026-10-01T13:44:55.535Z""","API","gate.correct","NUMERIC","1","","Predicted 6800, confirmed 6800","{}","","invoice_confirmation","","[]","default",""
"993466444f50b3e8","a5c98b8cd3474e6d65dd15f3a4913ced","","","""2026-10-01T13:44:50.162Z""","API","gate.correct","NUMERIC","1","","Predicted 6500, confirmed 6500","{}","","invoice_confirmation","","[]","default",""
"9ddccc13e69134f6","e15987ed01617a817ebda1235b4868c2","","","""2026-10-01T13:44:44.643Z""","API","gate.correct","NUMERIC","1","","Predicted 6500, confirmed 6500","{}","","invoice_confirmation","","[]","default",""
"7e30a44fcfff9ce1","4a5028a018374fa918863bd7851c2951","","","""2026-10-01T13:44:39.132Z""","API","gate.correct","NUMERIC","1","","Predicted 6500, confirmed 6500","{}","","invoice_confirmation","","[]","default",""
"aa723a40438d19d3","62d228b2af6473a1520c5e8e10916b78","","","""2026-10-01T13:44:33.733Z""","API","gate.correct","NUMERIC","1","","Predicted 6500, confirmed 6500","{}","","invoice_confirmation","","[]","default",""
"42123fc9056f4e2c","899f72d35ae5b74ed02830ef8e2d433e","","","""2026-10-01T13:44:28.310Z""","API","gate.correct","NUMERIC","1","","Predicted 6500, confirmed 6500","{}","","invoice_confirmation","","[]","default",""
"6920b896ef648fd1","854f96bc8b88a765ec6c71963a1525b2","","","""2026-10-01T13:44:22.616Z""","API","gate.correct","NUMERIC","1","","Predicted 6300, confirmed 6300","{}","","invoice_confirmation","","[]","default",""
"f9fc603dd8de3b2e","4f4eb8be746c61280338a5943db78a00","","","""2026-10-01T13:44:17.613Z""","API","gate.correct","NUMERIC","1","","Predicted 6300, confirmed 6300","{}","","invoice_confirmation","","[]","default",""
"2a7828f901fa4fd7","3b63b99f025b54d90d60dbeb4cc345fc","","","""2026-10-01T13:44:12.428Z""","API","gate.correct","NUMERIC","1","","Predicted 6300, confirmed 6300","{}","","invoice_confirmation","","[]","default",""
"dc482a87bdf77c13","09ae42d873aaf8b8a07a556227fa533e","","","""2026-10-01T13:44:06.240Z""","API","gate.correct","NUMERIC","1","","Predicted 6300, confirmed 6300","{}","","invoice_confirmation","","[]","default",""
"c9ec1b0d87d5cfd6","aa75c6fa41652682231be14882ed0e31","","","""2026-10-01T13:44:00.913Z""","API","gate.correct","NUMERIC","1","","Predicted 6300, confirmed 6300","{}","","invoice_confirmation","","[]","default",""
"31c84b00faecc00f","ad2c85c30c2110d9e21c3f0c48235aab","","","""2026-10-01T13:37:17.488Z""","API","gate.correct","NUMERIC","1","","Predicted 6800, confirmed 6800","{}","","invoice_confirmation","","[]","default",""
"f174481b98ce8c7d","ed763de535acfb8ac915d035dc428d4f","","","""2026-10-01T13:36:20.453Z""","API","gate.correct","NUMERIC","1","","Predicted 6700, confirmed 6700","{}","","invoice_confirmation","","[]","default",""
"17a173f178a38472","20a0f9c59c8963fed68d6606565ef5d5","","","""2026-10-01T13:35:44.259Z""","API","gate.correct","NUMERIC","1","","Predicted 6700, confirmed 6700","{}","","invoice_confirmation","","[]","default",""
"4d1bb9893ccad941","97f6af19f380a40251859dcde4367a26","","","""2026-10-01T13:34:39.623Z""","API","gate.correct","NUMERIC","1","","Predicted 6700, confirmed 6700","{}","","invoice_confirmation","","[]","default",""
"1758b02154bae4ab","05bb75f6f5123fbd841e94b27c1db5cd","","","""2026-10-01T13:34:12.107Z""","API","gate.correct","NUMERIC","1","","Predicted 6500, confirmed 6500","{}","","invoice_confirmation","","[]","default",""
"cfaa04a9cb1fc3d0","b92207d8539ede4fca58c71526982aa4","","","""2026-10-01T13:33:47.285Z""","API","gate.correct","NUMERIC","1","","Predicted 6700, confirmed 6700","{}","","invoice_confirmation","","[]","default",""
"4531ac8902a12730","11a6b4e8e47589310891533486f2388e","","","""2026-10-01T13:33:38.737Z""","API","gate.correct","NUMERIC","1","","Predicted 6700, confirmed 6700","{}","","invoice_confirmation","","[]","default",""
"dbbece799415a24a","96ede942b25144ca02c3739bdce62b3c","","","""2026-10-01T13:33:25.540Z""","API","gate.correct","NUMERIC","1","","Predicted 7100, confirmed 7100","{}","","invoice_confirmation","","[]","default",""
"634fb0c2a5b9c118","c0b91ed478e5851ac88a5f64d28f7437","","","""2026-10-01T13:33:01.624Z""","API","gate.correct","NUMERIC","1","","Predicted 6200, confirmed 6200","{}","","invoice_confirmation","","[]","default",""
"0e2c69acec8b53eb","fdc22de1b14c807f18fad0372eb745b2","","","""2026-10-01T13:32:56.017Z""","API","gate.correct","NUMERIC","1","","Predicted 6200, confirmed 6200","{}","","invoice_confirmation","","[]","default",""
"b5f1176e2def7021","c1033c3b603386b26a9778e7f8131510","","","""2026-10-01T13:32:46.821Z""","API","gate.correct","NUMERIC","1","","Predicted 6100, confirmed 6100","{}","","invoice_confirmation","","[]","default",""
"e58ace7787fa4c6f","d9ec8367f499a90cfc75f61e552af42c","","","""2026-10-01T13:32:41.868Z""","API","gate.correct","NUMERIC","1","","Predicted 6100, confirmed 6100","{}","","invoice_confirmation","","[]","default",""
"ee4cd5bb37e4611b","f53da5992ee10ef7a01c20e8394789d8","","","""2026-10-01T13:32:35.805Z""","API","gate.correct","NUMERIC","1","","Predicted 6800, confirmed 6800","{}","","invoice_confirmation","","[]","default",""
"bb8d2f34cc021ab8","78e4bbf5f7b8f6effa7f0f5011eaf246","","","""2026-10-01T13:32:30.753Z""","API","gate.correct","NUMERIC","1","","Predicted 6800, confirmed 6800","{}","","invoice_confirmation","","[]","default",""
"8365ea3d5cbacdb8","923721fa9e33539427ce226514386a35","","","""2026-10-01T13:32:21.042Z""","API","gate.correct","NUMERIC","1","","Predicted 6800, confirmed 6800","{}","","invoice_confirmation","","[]","default",""
"360dac1838be00e0","b907efa09b73c7a757b34957b0d7196d","","","""2026-10-01T13:32:15.587Z""","API","gate.correct","NUMERIC","1","","Predicted 6800, confirmed 6800","{}","","invoice_confirmation","","[]","default",""
"3690a88966de5b63","9af6ff6611751db34ef83fe491cf5451","","","""2026-10-01T13:32:10.735Z""","API","gate.correct","NUMERIC","1","","Predicted 6800, confirmed 6800","{}","","invoice_confirmation","","[]","default",""
"eaa2f385db72d5de","6b005eb902d3f61f01b6e0e9ad5bb905","","","""2026-10-01T13:32:01.609Z""","API","gate.correct","NUMERIC","1","","Predicted 6500, confirmed 6500","{}","","invoice_confirmation","","[]","default",""
"7d43b7f10cdabfc3","e463621345d781d27147aed0861b949d","","","""2026-10-01T13:31:56.196Z""","API","gate.correct","NUMERIC","1","","Predicted 6500, confirmed 6500","{}","","invoice_confirmation","","[]","default",""
"47cadbe57250bb2a","e8609f6e2ccaa9a6d5228a06e5ca1590","","","""2026-10-01T13:31:51.111Z""","API","gate.correct","NUMERIC","1","","Predicted 6500, confirmed 6500","{}","","invoice_confirmation","","[]","default",""
"a111b8c7e5ab87d4","703b48f91dde2062d2585f9405fe8458","","","""2026-10-01T13:31:41.430Z""","API","gate.correct","NUMERIC","1","","Predicted 6300, confirmed 6300","{}","","invoice_confirmation","","[]","default",""
"ebba104e5fb40c9c","ce98e8962fbdfa4c1370e4a6a98249ea","","","""2026-10-01T13:31:34.454Z""","API","gate.correct","NUMERIC","1","","Predicted 6300, confirmed 6300","{}","","invoice_confirmation","","[]","default",""
"2ede0e4fe2740c77","c6838569805408fa317c1cc0841594b1","","","""2026-10-01T13:28:42.072Z""","API","gate.correct","NUMERIC","1","","Predicted 6700, confirmed 6700","{}","","invoice_confirmation","","[]","default",""
"fb03e3b14d26d679","5f2ab1f52c9292a3253feef29cc7d1dc","","","""2026-10-01T13:27:36.975Z""","API","gate.correct","NUMERIC","1","","Predicted 6700, confirmed 6700","{}","","invoice_confirmation","","[]","default",""
"88600c9c88c00018","554bdb38ee5928aa25ccf9dabc8128de","","","""2026-10-01T13:27:09.479Z""","API","gate.correct","NUMERIC","1","","Predicted 6500, confirmed 6500","{}","","invoice_confirmation","","[]","default",""
"e013c63657a88a29","77da7b954834bfac63efef2da9571a12","","","""2026-10-01T13:26:46.278Z""","API","gate.correct","NUMERIC","1","","Predicted 6700, confirmed 6700","{}","","invoice_confirmation","","[]","default",""
"ad89fd3183960c42","7e9dd8cabfc32e46287d9aaf31d95d1e","","","""2026-10-01T13:26:37.935Z""","API","gate.correct","NUMERIC","1","","Predicted 6700, confirmed 6700","{}","","invoice_confirmation","","[]","default",""
"9174db881ac6a4af","5e61b87794b6bb39bd3eb7c53161d5c8","","","""2026-10-01T13:26:24.326Z""","API","gate.correct","NUMERIC","1","","Predicted 7100, confirmed 7100","{}","","invoice_confirmation","","[]","default",""
"128707e17e9f8fd0","1d80e4b25704346f91efcbd4c443364e","","","""2026-10-01T13:26:06.627Z""","API","gate.correct","NUMERIC","1","","Predicted 6200, confirmed 6200","{}","","invoice_confirmation","","[]","default",""
"cad11e3f342ebf0a","93b20ab51d9ccc263f62d6c8cf482b3e","","","""2026-10-01T13:26:01.466Z""","API","gate.correct","NUMERIC","1","","Predicted 6200, confirmed 6200","{}","","invoice_confirmation","","[]","default",""
"448b8cdbb5d9a1f2","adef4635e8eef3a5e1fb8b7eeebef028","","","""2026-10-01T13:25:51.999Z""","API","gate.correct","NUMERIC","1","","Predicted 6100, confirmed 6100","{}","","invoice_confirmation","","[]","default",""
"637f3bae7ceb0b22","cf9f859447a5efe196c2c138e24b99b2","","","""2026-10-01T13:25:47.210Z""","API","gate.correct","NUMERIC","1","","Predicted 6100, confirmed 6100","{}","","invoice_confirmation","","[]","default",""
"74313802fe122d2c","aed15244733226b329a91e5a41821783","","","""2026-10-01T13:25:40.156Z""","API","gate.correct","NUMERIC","1","","Predicted 6800, confirmed 6800","{}","","invoice_confirmation","","[]","default",""
"3bb0c105db183b44","c61e968cbcda074220a56c517444fd22","","","""2026-10-01T13:25:34.488Z""","API","gate.correct","NUMERIC","1","","Predicted 6800, confirmed 6800","{}","","invoice_confirmation","","[]","default",""
"4ce398e672477996","eb1f23b9e83559b054f75f5218273d76","","","""2026-10-01T13:25:23.653Z""","API","gate.correct","NUMERIC","1","","Predicted 6800, confirmed 6800","{}","","invoice_confirmation","","[]","default",""
"cfc9ac27aa8cfb95","fe986d456a442d0746a26c8041c8cafa","","","""2026-10-01T13:25:18.549Z""","API","gate.correct","NUMERIC","1","","Predicted 6800, confirmed 6800","{}","","invoice_confirmation","","[]","default",""
"02bb7d364f5077f8","4b81ca49b11e43c6639e4190593367fe","","","""2026-10-01T13:25:09.633Z""","API","gate.correct","NUMERIC","1","","Predicted 6500, confirmed 6500","{}","","invoice_confirmation","","[]","default",""
"cdbc7b02b5bfe1a2","6b3fbb8dd82927409f5676171eca369f","","","""2026-10-01T13:25:04.280Z""","API","gate.correct","NUMERIC","1","","Predicted 6500, confirmed 6500","{}","","invoice_confirmation","","[]","default",""
"7556482aa64c660d","ad609209dc55c8cd038ab759de2b9325","","","""2026-10-01T13:24:58.983Z""","API","gate.correct","NUMERIC","1","","Predicted 6500, confirmed 6500","{}","","invoice_confirmation","","[]","default",""
"1f999e0acb5eb3a2","033561ebce401375e6ee6a63b1410e2e","","","""2026-10-01T13:24:50.937Z""","API","gate.correct","NUMERIC","1","","Predicted 6300, confirmed 6300","{}","","invoice_confirmation","","[]","default",""
"3a3cdadb7e13a5ce","06a14c0059bd16a5c9c69a323dc27f7e","","","""2026-10-01T13:24:44.558Z""","API","gate.correct","NUMERIC","1","","Predicted 6300, confirmed 6300","{}","","invoice_confirmation","","[]","default",""
"140112c065b39401","6e64cee6353b4746a74fd3660b8ed89e","","","""2026-10-01T13:23:44.360Z""","API","gate.correct","NUMERIC","1","","Predicted 6700, confirmed 6700","{}","","invoice_confirmation","","[]","default",""
"7a6be8a202238498","867905463bcbebc6797df00669067b28","","","""2026-10-01T13:23:39.148Z""","API","gate.correct","NUMERIC","1","","Predicted 6700, confirmed 6700","{}","","invoice_confirmation","","[]","default",""
"e27169d085a7d884","2a82b741ebbd17dc0426ba1316b764a5","","","""2026-10-01T13:23:28.245Z""","API","gate.correct","NUMERIC","1","","Predicted 6800, confirmed 6800","{}","","invoice_confirmation","","[]","default",""
"1e04abfb103d2fdc","8439318cc68bcd4ced879641b964a22f","","","""2026-10-01T13:23:21.229Z""","API","gate.correct","NUMERIC","1","","Predicted 6100, confirmed 6100","{}","","invoice_confirmation","","[]","default",""
"c875357aecbe4794","89a19647bbe40365c7a5204d61e5d2f0","","","""2026-10-01T13:23:12.455Z""","API","gate.correct","NUMERIC","1","","Predicted 6100, confirmed 6100","{}","","invoice_confirmation","","[]","default",""
"094653fc307a30ee","4d923a926ace19212aad0c837007c689","","","""2026-10-01T13:23:07.478Z""","API","gate.correct","NUMERIC","1","","Predicted 6700, confirmed 6700","{}","","invoice_confirmation","","[]","default",""
"2c85c494c7c12b2d","8a2c727cdabe805f99eeb07b96837fbf","","","""2026-10-01T13:23:00.697Z""","API","gate.correct","NUMERIC","1","","Predicted 6800, confirmed 6800","{}","","invoice_confirmation","","[]","default",""
"6dae52032513eb09","d611ab1f24a9c22187b326d35b26cd86","","","""2026-10-01T13:22:50.097Z""","API","gate.correct","NUMERIC","1","","Predicted 6700, confirmed 6700","{}","","invoice_confirmation","","[]","default",""
"c1c187a90dd94938","76a2ad25426c395b49c6ba9b7d800f56","","","""2026-10-01T13:22:45.134Z""","API","gate.correct","NUMERIC","1","","Predicted 6800, confirmed 6800","{}","","invoice_confirmation","","[]","default",""
"6ada0754b8a0c713","8f0e222c88bfafc2fa5d47587be7ffb5","","","""2026-10-01T13:22:39.121Z""","API","gate.correct","NUMERIC","1","","Predicted 6500, confirmed 6500","{}","","invoice_confirmation","","[]","default",""
"4384f7691d4896a7","b7c8c28b6f0ed6e513acb80d4791e8d3","","","""2026-10-01T13:22:33.877Z""","API","gate.correct","NUMERIC","1","","Predicted 7100, confirmed 7100","{}","","invoice_confirmation","","[]","default",""
"3ec09b176378056d","75514cd006f528c5ae129ff1a3dc845f","","","""2026-10-01T13:22:22.189Z""","API","gate.correct","NUMERIC","1","","Predicted 6700, confirmed 6700","{}","","invoice_confirmation","","[]","default",""
"6b5d05e2bdaa8fd3","b2b741a7f87bfd92a83100111ec135bc","","","""2026-10-01T13:22:13.935Z""","API","gate.correct","NUMERIC","1","","Predicted 7100, confirmed 7100","{}","","invoice_confirmation","","[]","default",""
"bb3eb6380564c102","30b1a5aeddebfbcb8770f3c081213042","","","""2026-10-01T13:22:09.814Z""","API","gate.correct","NUMERIC","1","","Predicted 6700, confirmed 6700","{}","","invoice_confirmation","","[]","default",""
"645cd7fd4eb18832","91b3deae535c442c15bf8e8277ca98de","","","""2026-10-01T13:22:05.025Z""","API","gate.correct","NUMERIC","1","","Predicted 6500, confirmed 6500","{}","","invoice_confirmation","","[]","default",""
"cf9dba3263fceb11","f37b10b22917516f086bceb2f9cf70b7","","","""2026-10-01T13:21:59.093Z""","API","gate.correct","NUMERIC","1","","Predicted 6600, confirmed 6600","{}","","invoice_confirmation","","[]","default",""
"31dcbb82ea47a0df","0c84dc6035c156a6ad767c45a12b4f8c","","","""2026-10-01T13:21:53.936Z""","API","gate.correct","NUMERIC","1","","Predicted 6300, confirmed 6300","{}","","invoice_confirmation","","[]","default",""
"f467b1631c687ac1","8239bc587e574e5d728d5046c1588fa2","","","""2026-10-01T13:21:41.835Z""","API","gate.correct","NUMERIC","1","","Predicted 6800, confirmed 6800","{}","","invoice_confirmation","","[]","default",""
"be5f200a1baadf14","d5a2c27b6f5559afea7bc490af0e6ec2","","","""2026-10-01T13:21:33.302Z""","API","gate.correct","NUMERIC","1","","Predicted 6200, confirmed 6200","{}","","invoice_confirmation","","[]","default",""
"af10a932f7cde6ec","76ee1d5ed3c614a48b78a56ffa602b9a","","","""2026-10-01T13:21:27.179Z""","API","gate.correct","NUMERIC","1","","Predicted 6100, confirmed 6100","{}","","invoice_confirmation","","[]","default",""
"1367536163cc6945","62001dc5019ca7b52bc81fb7a62db17b","","","""2026-10-01T13:21:19.854Z""","API","gate.correct","NUMERIC","1","","Predicted 6500, confirmed 6500","{}","","invoice_confirmation","","[]","default",""
"2f25ba448ea5593b","c634658d7c50e5f98dc658cef270dd16","","","""2026-10-01T13:21:14.471Z""","API","gate.correct","NUMERIC","1","","Predicted 6800, confirmed 6800","{}","","invoice_confirmation","","[]","default",""
"4288335c3e601171","43d39b1fc70f22029551970a040d4555","","","""2026-10-01T13:21:09.490Z""","API","gate.correct","NUMERIC","1","","Predicted 6500, confirmed 6500","{}","","invoice_confirmation","","[]","default",""
"be078f5b85bcb33c","57faf3ee6a289dfb99a6c7b8573fd2da","","","""2026-10-01T13:21:02.293Z""","API","gate.correct","NUMERIC","1","","Predicted 6800, confirmed 6800","{}","","invoice_confirmation","","[]","default",""
"3ddac5be31dbb34b","d228f1dfb01a3867ea257543b085a69d","","","""2026-10-01T13:20:56.657Z""","API","gate.correct","NUMERIC","1","","Predicted 6800, confirmed 6800","{}","","invoice_confirmation","","[]","default",""
"91b0213ec309cde2","f493d8c63fc2563bd31c9d54df8bcb02","","","""2026-10-01T13:20:50.057Z""","API","gate.correct","NUMERIC","1","","Predicted 6100, confirmed 6100","{}","","invoice_confirmation","","[]","default",""
"eea4d1c2014f540f","43fb86c2f58f6e5085294dd2a9b88523","","","""2026-10-01T13:20:44.772Z""","API","gate.correct","NUMERIC","1","","Predicted 6500, confirmed 6500","{}","","invoice_confirmation","","[]","default",""
"8ab2731739a140e6","033b60556d09e43229c76e5236ad5a09","","","""2026-10-01T13:20:39.190Z""","API","gate.correct","NUMERIC","1","","Predicted 6500, confirmed 6500","{}","","invoice_confirmation","","[]","default",""
"8621202d15611592","0c7a24e011c160c7a9337ad97a5c5bf2","","","""2026-10-01T13:20:32.615Z""","API","gate.correct","NUMERIC","1","","Predicted 6500, confirmed 6500","{}","","invoice_confirmation","","[]","default",""
"3053a0cc498e84ea","a4481069e171b4d2e8c6e8021a1602d0","","","""2026-10-01T13:20:19.126Z""","API","gate.correct","NUMERIC","1","","Predicted 6600, confirmed 6600","{}","","invoice_confirmation","","[]","default",""
"88337a79883b37ea","05cb73bd77335c31acdca5e2c3f07c87","","","""2026-10-01T13:20:14.374Z""","API","gate.correct","NUMERIC","1","","Predicted 6800, confirmed 6800","{}","","invoice_confirmation","","[]","default",""
"2ed635fb5f6dfe18","d88df683b0f57e9ad44baf70e4b88162","","","""2026-10-01T13:20:09.749Z""","API","gate.correct","NUMERIC","1","","Predicted 6800, confirmed 6800","{}","","invoice_confirmation","","[]","default",""
"80802263236df2f0","eef2e5b39a112d913348c7955da3479d","","","""2026-10-01T13:19:57.631Z""","API","gate.correct","NUMERIC","1","","Predicted 6800, confirmed 6800","{}","","invoice_confirmation","","[]","default",""
"928102570ce835b1","7fdb6b1cb57b124b70ed3e7fdcd29569","","","""2026-10-01T13:19:44.970Z""","API","gate.correct","NUMERIC","1","","Predicted 6800, confirmed 6800","{}","","invoice_confirmation","","[]","default",""
"eb476508f9e315a5","454730a44f7c72b770a4b3e061637c21","","","""2026-10-01T13:19:39.446Z""","API","gate.correct","NUMERIC","1","","Predicted 6500, confirmed 6500","{}","","invoice_confirmation","","[]","default",""
"9ccda32999b40ae8","22274cc8d3a84db6de3c7aeae90ff96a","","","""2026-10-01T13:19:34.028Z""","API","gate.correct","NUMERIC","1","","Predicted 6100, confirmed 6100","{}","","invoice_confirmation","","[]","default",""
"2ec1eb4e2f580ae7","448db538531386712d2fe10e2a9ef3b6","","","""2026-10-01T13:19:29.746Z""","API","gate.correct","NUMERIC","1","","Predicted 6500, confirmed 6500","{}","","invoice_confirmation","","[]","default",""
"58b945ed652c5554","7f5770d0ba2dd43e0e76f7bf7f4f00aa","","","""2026-10-01T13:19:24.400Z""","API","gate.correct","NUMERIC","1","","Predicted 6800, confirmed 6800","{}","","invoice_confirmation","","[]","default",""
"116ad7b31fc299ce","b136fc65a9682d0da0c1b29f5fa3e96a","","","""2026-10-01T13:19:18.895Z""","API","gate.correct","NUMERIC","1","","Predicted 6100, confirmed 6100","{}","","invoice_confirmation","","[]","default",""
"18d5a1f4335243cb","3b267f08c8722ee4a54106cd1aab302c","","","""2026-10-01T13:19:14.281Z""","API","gate.correct","NUMERIC","1","","Predicted 6300, confirmed 6300","{}","","invoice_confirmation","","[]","default",""
"6c11e9ae95084a30","22e2ad5935e3a2c7606ee1694e0b1323","","","""2026-10-01T13:19:07.571Z""","API","gate.correct","NUMERIC","1","","Predicted 6500, confirmed 6500","{}","","invoice_confirmation","","[]","default",""
"fed3679b4670d3d7","c0b8ed4c3126844c99c053ed250b4412","","","""2026-10-01T13:19:00.803Z""","API","gate.correct","NUMERIC","1","","Predicted 6800, confirmed 6800","{}","","invoice_confirmation","","[]","default",""
"f805a21d298af0ba","e6db097a7197078ddeb1feedfe72d6c9","","","""2026-10-01T13:18:52.582Z""","API","gate.correct","NUMERIC","1","","Predicted 6500, confirmed 6500","{}","","invoice_confirmation","","[]","default",""
"ab7249fddfb36c82","d35930f45575b030e57db37e9473e617","","","""2026-10-01T13:18:46.682Z""","API","gate.correct","NUMERIC","1","","Predicted 6500, confirmed 6500","{}","","invoice_confirmation","","[]","default",""
"2ae0ddf272752720","b5a25f201125a385db3a640415889110","","","""2026-10-01T13:18:41.460Z""","API","gate.correct","NUMERIC","1","","Predicted 7100, confirmed 7100","{}","","invoice_confirmation","","[]","default",""
"97d6e0fcda418bf0","bede4d28f164e453a79b0ba1e81c77cc","","","""2026-10-01T13:18:36.175Z""","API","gate.correct","NUMERIC","1","","Predicted 6500, confirmed 6500","{}","","invoice_confirmation","","[]","default",""
"0fd5b0845b917869","7a793e25fbf46d5b162b61cf1e006f23","","","""2026-10-01T13:18:29.776Z""","API","gate.correct","NUMERIC","1","","Predicted 6500, confirmed 6500","{}","","invoice_confirmation","","[]","default",""
"265bac0509493a12","f4f736685a6a9ddf1f9d666706d7b95b","","","""2026-10-01T13:18:23.316Z""","API","gate.correct","NUMERIC","1","","Predicted 6500, confirmed 6500","{}","","invoice_confirmation","","[]","default",""
"5765b7cf810cdc98","277bc13973f824f171761cbc3808ce88","","","""2026-10-01T13:18:17.403Z""","API","gate.correct","NUMERIC","1","","Predicted 6100, confirmed 6100","{}","","invoice_confirmation","","[]","default",""
"ff74208cc7dc012e","1cc5f8aed5c6fc90d1619902b19f6e67","","","""2026-10-01T13:18:12.882Z""","API","gate.correct","NUMERIC","1","","Predicted 6600, confirmed 6600","{}","","invoice_confirmation","","[]","default",""
"34fad1196861b93f","1ecac642dd7f2e0e2dbac25ccb54e3bf","","","""2026-10-01T13:18:06.732Z""","API","gate.correct","NUMERIC","1","","Predicted 6700, confirmed 6700","{}","","invoice_confirmation","","[]","default",""
"7efeab44c7e4dc4a","7efcc227150b208498d4cb16b98ee3ab","","","""2026-10-01T13:18:01.994Z""","API","gate.correct","NUMERIC","1","","Predicted 6200, confirmed 6200","{}","","invoice_confirmation","","[]","default",""
"9472e114ffd9fb1d","d62605cf5f3aaef77f520ab18a337ba8","","","""2026-10-01T13:17:55.920Z""","API","gate.correct","NUMERIC","1","","Predicted 6200, confirmed 6200","{}","","invoice_confirmation","","[]","default",""
"4db18643192a5490","469246baf1223e4ad1751fcedd75daf5","","","""2026-10-01T13:17:50.453Z""","API","gate.correct","NUMERIC","1","","Predicted 6300, confirmed 6300","{}","","invoice_confirmation","","[]","default",""
"4f2c0ee7494335d4","9f38a2d8dfc527d57672c986f86042d7","","","""2026-10-01T13:17:45.580Z""","API","gate.correct","NUMERIC","1","","Predicted 7100, confirmed 7100","{}","","invoice_confirmation","","[]","default",""
"26da78b2cf30357b","797871838e4a6cb6cfada921534f61df","","","""2026-10-01T13:17:39.560Z""","API","gate.correct","NUMERIC","1","","Predicted 6100, confirmed 6100","{}","","invoice_confirmation","","[]","default",""
"0c642ab7c02329f0","e3c827d3f15f0442a7eae6d5b1260fdd","","","""2026-10-01T13:17:35.351Z""","API","gate.correct","NUMERIC","1","","Predicted 7100, confirmed 7100","{}","","invoice_confirmation","","[]","default",""
"9ba02b604be43821","eea4558b4f87685a2a300b97a3503ac5","","","""2026-10-01T13:17:30.023Z""","API","gate.correct","NUMERIC","1","","Predicted 6300, confirmed 6300","{}","","invoice_confirmation","","[]","default",""
"993ed1df96ac9d7d","1b43d821425e45991d7e9bc16d8df656","","","""2026-10-01T13:17:23.299Z""","API","gate.correct","NUMERIC","1","","Predicted 6700, confirmed 6700","{}","","invoice_confirmation","","[]","default",""
"6a73f5aabe0e196f","3488ad89268a9d06d18caa6b0be1ecba","","","""2026-10-01T13:17:16.627Z""","API","gate.correct","NUMERIC","1","","Predicted 6700, confirmed 6700","{}","","invoice_confirmation","","[]","default",""
"2b7fc5f8ed1610fb","66fd5e38105825d730d3425b05e0770c","","","""2026-10-01T13:17:09.827Z""","API","gate.correct","NUMERIC","1","","Predicted 6400, confirmed 6400","{}","","invoice_confirmation","","[]","default",""
"643a4a7acfaa156d","e5818586a8fdc912e32be72ce57d6d5f","","","""2026-10-01T13:17:04.131Z""","API","gate.correct","NUMERIC","1","","Predicted 6500, confirmed 6500","{}","","invoice_confirmation","","[]","default",""
"56ede5bef3ead7f0","34ec6ef124510862d7c661c754c6f23a","","","""2026-10-01T13:16:58.628Z""","API","gate.correct","NUMERIC","1","","Predicted 6700, confirmed 6700","{}","","invoice_confirmation","","[]","default",""
"e8ef9141742a524b","994f8ec2b24d1f16058fd942df96d32a","","","""2026-10-01T13:16:53.218Z""","API","gate.correct","NUMERIC","1","","Predicted 6200, confirmed 6200","{}","","invoice_confirmation","","[]","default",""
"06abdad34667f7b8","98cde605d82253634f52932c0e29c25e","","","""2026-10-01T13:16:46.622Z""","API","gate.correct","NUMERIC","1","","Predicted 6200, confirmed 6200","{}","","invoice_confirmation","","[]","default",""
"f62b01c72d766ac3","83bbc9609b7f12f795d916e1b028717d","","","""2026-10-01T13:16:41.572Z""","API","gate.correct","NUMERIC","1","","Predicted 6400, confirmed 6400","{}","","invoice_confirmation","","[]","default",""
"2692a9ccfdd5fbb2","67936a817aebc48a62983d2ea3e20aa1","","","""2026-10-01T13:16:35.786Z""","API","gate.correct","NUMERIC","1","","Predicted 6300, confirmed 6300","{}","","invoice_confirmation","","[]","default",""
"ad2d711f4af5730f","29f9dc2fa6fb76055c91ae674b58d028","","","""2026-10-01T13:16:30.897Z""","API","gate.correct","NUMERIC","1","","Predicted 6600, confirmed 6600","{}","","invoice_confirmation","","[]","default",""
"7ea62e59d27d4345","62d90d46a1b0b97186b6029845c25ac6","","","""2026-10-01T13:16:24.276Z""","API","gate.correct","NUMERIC","1","","Predicted 6700, confirmed 6700","{}","","invoice_confirmation","","[]","default",""
"39b05bc21d3da2e2","fca3e23fe20ccd59a0e4e5c7c85b5d68","","","""2026-10-01T13:16:18.457Z""","API","gate.correct","NUMERIC","1","","Predicted 6600, confirmed 6600","{}","","invoice_confirmation","","[]","default",""
"2be5a27ff10c8b8e","3efde3e2bd9b68062d9823e583ccb115","","","""2026-10-01T13:16:14.091Z""","API","gate.correct","NUMERIC","1","","Predicted 6600, confirmed 6600","{}","","invoice_confirmation","","[]","default",""
"09b07ca66a5257b0","de1032704409b28fb4649061bc9d3aff","","","""2026-10-01T13:16:09.044Z""","API","gate.correct","NUMERIC","1","","Predicted 6500, confirmed 6500","{}","","invoice_confirmation","","[]","default",""
"56a3c96a043047f2","10b7c6e6248c6f1a4ebd06d7f549af35","","","""2026-10-01T13:16:03.847Z""","API","gate.correct","NUMERIC","1","","Predicted 6600, confirmed 6600","{}","","invoice_confirmation","","[]","default",""
"0074f25d6249bb81","9ec6447a03e653ac151f264aae3c778f","","","""2026-10-01T13:15:57.161Z""","API","gate.correct","NUMERIC","1","","Predicted 6500, confirmed 6500","{}","","invoice_confirmation","","[]","default",""
"2cc8819e88e855c0","8d50efcf4e3cf4ab0b139a66cfdd6c12","","","""2026-10-01T13:15:52.230Z""","API","gate.correct","NUMERIC","1","","Predicted 6400, confirmed 6400","{}","","invoice_confirmation","","[]","default",""
"97df66884d4aa26b","31971a8bd7b1e7dd55bce872c06e31db","","","""2026-10-01T13:15:44.974Z""","API","gate.correct","NUMERIC","1","","Predicted 6100, confirmed 6100","{}","","invoice_confirmation","","[]","default",""
"c9850dbaef5df026","3d3b3c2e36903477e0ef3678847e90f2","","","""2026-10-01T13:15:38.508Z""","API","gate.correct","NUMERIC","1","","Predicted 6600, confirmed 6600","{}","","invoice_confirmation","","[]","default",""
"e608f4b05e549854","e52fffe8e2262822eada39f9045243c9","","","""2026-10-01T13:15:33.315Z""","API","gate.correct","NUMERIC","1","","Predicted 7100, confirmed 7100","{}","","invoice_confirmation","","[]","default",""
"01074a163303173f","cf8216a10775444fd71f8dc57ef3b975","","","""2026-10-01T13:15:28.510Z""","API","gate.correct","NUMERIC","1","","Predicted 7100, confirmed 7100","{}","","invoice_confirmation","","[]","default",""
"36c45be2efaf8687","9b9b63820be596b486ede20fcc33f469","","","""2026-10-01T13:15:21.656Z""","API","gate.correct","NUMERIC","1","","Predicted 6400, confirmed 6400","{}","","invoice_confirmation","","[]","default",""
"42b3acef99760f52","4faccd60752e83d1facd85c44f9cb38b","","","""2026-10-01T13:15:16.354Z""","API","gate.correct","NUMERIC","1","","Predicted 6100, confirmed 6100","{}","","invoice_confirmation","","[]","default",""
"683c55f8bd3db425","bc88f12fc9af31a411becf525d0bee6a","","","""2026-10-01T13:15:09.666Z""","API","gate.correct","NUMERIC","1","","Predicted 6500, confirmed 6500","{}","","invoice_confirmation","","[]","default",""
"75ceaa63da53c7f0","37e97217a882bf61532ef648b9781bab","","","""2026-10-01T13:15:03.932Z""","API","gate.correct","NUMERIC","1","","Predicted 6800, confirmed 6800","{}","","invoice_confirmation","","[]","default",""
"bcfefee4de2781b7","b8ac5cc6d3c724e24b6e8a4f0259a15e","","","""2026-10-01T13:14:59.274Z""","API","gate.correct","NUMERIC","1","","Predicted 6400, confirmed 6400","{}","","invoice_confirmation","","[]","default",""
"b5c25faa4e024a6c","138a7164ad662f35bf011eafabf6c14d","","","""2026-10-01T13:14:52.463Z""","API","gate.correct","NUMERIC","1","","Predicted 6100, confirmed 6100","{}","","invoice_confirmation","","[]","default",""
"2b49c7a70d47a728","8612e030fe235b5d000080477449b1ab","","","""2026-10-01T13:14:46.046Z""","API","gate.correct","NUMERIC","1","","Predicted 6400, confirmed 6400","{}","","invoice_confirmation","","[]","default",""
"fd2898a8c3e17ac8","8ff183747973f211b12ac6c647d76954","","","""2026-10-01T13:14:38.861Z""","API","gate.correct","NUMERIC","1","","Predicted 6400, confirmed 6400","{}","","invoice_confirmation","","[]","default",""
"43c41de7a5be4989","f04c5ca385b93fb5583624fa3802c602","","","""2026-10-01T13:14:33.621Z""","API","gate.correct","NUMERIC","1","","Predicted 7100, confirmed 7100","{}","","invoice_confirmation","","[]","default",""
"249ed0254dd08681","e62d38acefb82a892392c0351ba11b4e","","","""2026-10-01T13:14:28.702Z""","API","gate.correct","NUMERIC","1","","Predicted 6500, confirmed 6500","{}","","invoice_confirmation","","[]","default",""
"367edce22389cd6b","ceecb61336f416753a0166372b6f7f16","","","""2026-10-01T13:14:21.840Z""","API","gate.correct","NUMERIC","1","","Predicted 6600, confirmed 6600","{}","","invoice_confirmation","","[]","default",""
"e4d4929794c29f5b","ea440afa682801d6a5adf4239eb255f5","","","""2026-10-01T13:14:13.800Z""","API","gate.correct","NUMERIC","1","","Predicted 6200, confirmed 6200","{}","","invoice_confirmation","","[]","default",""
"0819696d692d9663","c3f3189f60c5ff2873551590a4e44576","","","""2026-10-01T13:14:07.183Z""","API","gate.correct","NUMERIC","1","","Predicted 6500, confirmed 6500","{}","","invoice_confirmation","","[]","default",""
"b860da3707478909","8f037d3b9409aa5fd246fe4e977c9117","","","""2026-10-01T13:14:00.544Z""","API","gate.correct","NUMERIC","1","","Predicted 6200, confirmed 6200","{}","","invoice_confirmation","","[]","default",""
"0490c362b2f1e121","85755d0281a024c8e377db885bc59053","","","""2026-10-01T13:13:53.917Z""","API","gate.correct","NUMERIC","1","","Predicted 7100, confirmed 7100","{}","","invoice_confirmation","","[]","default",""
"b486ad3e9392d135","d1f2d5212c8f84bbb90f034d6dcb2896","","","""2026-10-01T13:13:48.281Z""","API","gate.correct","NUMERIC","1","","Predicted 6700, confirmed 6700","{}","","invoice_confirmation","","[]","default",""
"f02f760483e1c89c","e9506fe501f68fbb434e25791549f05f","","","""2026-10-01T13:13:39.535Z""","API","gate.correct","NUMERIC","1","","Predicted 7100, confirmed 7100","{}","","invoice_confirmation","","[]","default",""
"d6b0a7164791b685","e7b9fed8a06134f851b76eedc4fae9be","","","""2026-10-01T13:13:33.251Z""","API","gate.correct","NUMERIC","1","","Predicted 6700, confirmed 6700","{}","","invoice_confirmation","","[]","default",""
"e3edf9d32b1aa61d","a76171363f636d5cffa03ba1054c06eb","","","""2026-10-01T13:13:28.483Z""","API","gate.correct","NUMERIC","1","","Predicted 6500, confirmed 6500","{}","","invoice_confirmation","","[]","default",""
"676a1c59984862d0","56aab7357c10b6f3f54327392addc3d7","","","""2026-10-01T13:13:20.453Z""","API","gate.correct","NUMERIC","1","","Predicted 6100, confirmed 6100","{}","","invoice_confirmation","","[]","default",""
"44721bdd49a2eefb","ef030a795975c386b19b127c0be49c88","","","""2026-10-01T13:13:15.282Z""","API","gate.correct","NUMERIC","1","","Predicted 6500, confirmed 6500","{}","","invoice_confirmation","","[]","default",""
"f3ebd67f27406e4d","c5a7a09c3463e1dcafc33e50c80244d2","","","""2026-10-01T13:13:09.252Z""","API","gate.correct","NUMERIC","1","","Predicted 6500, confirmed 6500","{}","","invoice_confirmation","","[]","default",""
"0da39d8389b037ab","10eccee1d8c650b738b0f7a0a3b3dfee","","","""2026-10-01T13:13:03.200Z""","API","gate.correct","NUMERIC","1","","Predicted 6500, confirmed 6500","{}","","invoice_confirmation","","[]","default",""
"dd661a51a6d2f9b1","ce90d700c1ecbe2e1a71934bcdd59548","","","""2026-10-01T13:12:57.667Z""","API","gate.correct","NUMERIC","1","","Predicted 6400, confirmed 6400","{}","","invoice_confirmation","","[]","default",""
"9fd8b619c0b343ac","8dd06f1b1488b18eb8790dc6ae81ccfc","","","""2026-10-01T13:12:52.244Z""","API","gate.correct","NUMERIC","1","","Predicted 6500, confirmed 6500","{}","","invoice_confirmation","","[]","default",""
"cd23317d224be646","ccbb9e4b58eb2cbc9b2196994e32f23f","","","""2026-10-01T13:12:46.717Z""","API","gate.correct","NUMERIC","1","","Predicted 7100, confirmed 7100","{}","","invoice_confirmation","","[]","default",""
"07567566304c186e","87270bcddfead8eb192de35f44229ea5","","","""2026-10-01T13:12:41.172Z""","API","gate.correct","NUMERIC","1","","Predicted 7100, confirmed 7100","{}","","invoice_confirmation","","[]","default",""
"6c533a645a7d0995","2fc431f5ca6a9b86eb52c9c975f98aa3","","","""2026-10-01T13:12:36.467Z""","API","gate.correct","NUMERIC","1","","Predicted 6200, confirmed 6200","{}","","invoice_confirmation","","[]","default",""
"d8741fac58434c8c","e03556244b61c852abcbc3f36515963c","","","""2026-10-01T13:11:18.177Z""","API","gate.correct","NUMERIC","1","","Predicted 6700, confirmed 6700","{}","","invoice_confirmation","","[]","default",""
"0abf4e2ce393770d","610dffb23d69fe2e7ede2328a7d3a26e","","","""2026-10-01T13:11:13.084Z""","API","gate.correct","NUMERIC","1","","Predicted 6700, confirmed 6700","{}","","invoice_confirmation","","[]","default",""
"691bc5a14b854021","e5e5a616ce2e50380185a0c712025c4a","","","""2026-10-01T13:11:03.050Z""","API","gate.correct","NUMERIC","1","","Predicted 6800, confirmed 6800","{}","","invoice_confirmation","","[]","default",""
"a2d2ec7ad10ac41b","c632b56f3d77a65c47353c163a67b0cf","","","""2026-10-01T13:10:56.338Z""","API","gate.correct","NUMERIC","1","","Predicted 6100, confirmed 6100","{}","","invoice_confirmation","","[]","default",""
"fd6f9086356761e6","68ce66b7b4665cb800110184d48eacc4","","","""2026-10-01T13:10:47.172Z""","API","gate.correct","NUMERIC","1","","Predicted 6100, confirmed 6100","{}","","invoice_confirmation","","[]","default",""
"57301ce6d11303df","66c46be5135f5ffe06a03d09d4089092","","","""2026-10-01T13:10:42.444Z""","API","gate.correct","NUMERIC","1","","Predicted 6700, confirmed 6700","{}","","invoice_confirmation","","[]","default",""
"7bfe14140f0452a6","bb85f950a884ea752f831f267c26f2d5","","","""2026-10-01T13:10:35.829Z""","API","gate.correct","NUMERIC","1","","Predicted 6800, confirmed 6800","{}","","invoice_confirmation","","[]","default",""
"22a30d6b4cbfd819","aa2e0ae297ed12182cdf74e735f2ee7c","","","""2026-10-01T13:10:24.656Z""","API","gate.correct","NUMERIC","1","","Predicted 6700, confirmed 6700","{}","","invoice_confirmation","","[]","default",""
"d6d0a94948d2d6b4","222a53d03db82292fe151ac83ddf5a0d","","","""2026-10-01T13:10:18.996Z""","API","gate.correct","NUMERIC","1","","Predicted 6800, confirmed 6800","{}","","invoice_confirmation","","[]","default",""
"af4dd48cb036a6b8","15b30659b16857e89ce6ea7c69e536c3","","","""2026-10-01T13:10:11.881Z""","API","gate.correct","NUMERIC","1","","Predicted 6500, confirmed 6500","{}","","invoice_confirmation","","[]","default",""
"eb4017ca13f72086","639dc5161c8f9a26b2c560be26a3e226","","","""2026-10-01T13:10:06.185Z""","API","gate.correct","NUMERIC","1","","Predicted 7100, confirmed 7100","{}","","invoice_confirmation","","[]","default",""
"af3efb64a6faea00","049a586d202b5b43fdc25c840bdd7a07","","","""2026-10-01T13:09:57.524Z""","API","gate.correct","NUMERIC","1","","Predicted 6700, confirmed 6700","{}","","invoice_confirmation","","[]","default",""
"51a10c8707980cb6","4c64ce2a07daa3026f1c967316175569","","","""2026-10-01T13:09:48.308Z""","API","gate.correct","NUMERIC","1","","Predicted 7100, confirmed 7100","{}","","invoice_confirmation","","[]","default",""
"1003bf3464792f75","8862e8992fe850b315d8e228ebd4d2c6","","","""2026-10-01T13:09:42.814Z""","API","gate.correct","NUMERIC","1","","Predicted 6700, confirmed 6700","{}","","invoice_confirmation","","[]","default",""
"8477131e27615963","f53501e2d3c18b8699b2ed5c188df7d8","","","""2026-10-01T13:09:38.105Z""","API","gate.correct","NUMERIC","1","","Predicted 6500, confirmed 6500","{}","","invoice_confirmation","","[]","default",""
"1711210cc982f17d","cac9a4dccc921ba5805250adeeda7e8a","","","""2026-10-01T13:09:31.947Z""","API","gate.correct","NUMERIC","1","","Predicted 6600, confirmed 6600","{}","","invoice_confirmation","","[]","default",""
"d9bba5ac71acd7cf","4d96610b37ebcdbbff9db535d0e55667","","","""2026-10-01T13:09:27.090Z""","API","gate.correct","NUMERIC","1","","Predicted 6300, confirmed 6300","{}","","invoice_confirmation","","[]","default",""
"0bd370649acf981e","9cbd71278f70e36b6c08de4abb7de49f","","","""2026-10-01T13:09:14.802Z""","API","gate.correct","NUMERIC","1","","Predicted 6800, confirmed 6800","{}","","invoice_confirmation","","[]","default",""
"5ceac0644409f2d9","ea32f991300ba2c185778adfed05d3a5","","","""2026-10-01T13:09:06.343Z""","API","gate.correct","NUMERIC","1","","Predicted 6200, confirmed 6200","{}","","invoice_confirmation","","[]","default",""
"9d7d270c5645d3e5","fcd668c43db1add55a04cfea6a3db5b6","","","""2026-10-01T13:08:59.808Z""","API","gate.correct","NUMERIC","1","","Predicted 6100, confirmed 6100","{}","","invoice_confirmation","","[]","default",""
"84cef612f5fe082f","ccc3d387851d4a7440e1440f5b69f97b","","","""2026-10-01T13:08:52.633Z""","API","gate.correct","NUMERIC","1","","Predicted 6500, confirmed 6500","{}","","invoice_confirmation","","[]","default",""
"df500d28c2394d1a","0e6dc77b47acd0b81cee44400a47f6bd","","","""2026-10-01T13:08:47.208Z""","API","gate.correct","NUMERIC","1","","Predicted 6800, confirmed 6800","{}","","invoice_confirmation","","[]","default",""
"574011830709b6e4","76b0cadab9f4f0d9011bbb1b3f0c5fe6","","","""2026-10-01T13:08:42.614Z""","API","gate.correct","NUMERIC","1","","Predicted 6500, confirmed 6500","{}","","invoice_confirmation","","[]","default",""
"f305b38792c199e5","f8ec5c8a778a88c985c01ddcb733a471","","","""2026-10-01T13:08:35.270Z""","API","gate.correct","NUMERIC","1","","Predicted 6800, confirmed 6800","{}","","invoice_confirmation","","[]","default",""
"1ad6e5d7b302edef","4577dcca1fda83d4db55d72fc57fb08f","","","""2026-10-01T13:08:30.257Z""","API","gate.correct","NUMERIC","1","","Predicted 6800, confirmed 6800","{}","","invoice_confirmation","","[]","default",""
"1910993a19cf0da8","afae68ae2ce33bddbf6ddbff9d905d60","","","""2026-10-01T13:08:20.387Z""","API","gate.correct","NUMERIC","1","","Predicted 6700, confirmed 6700","{}","","invoice_confirmation","","[]","default",""
"e3a4c443c22868ce","69004ff1f5f38630e23f2a7e16ba1591","","","""2026-10-01T13:08:14.776Z""","API","gate.correct","NUMERIC","1","","Predicted 6100, confirmed 6100","{}","","invoice_confirmation","","[]","default",""
"36a7e812409991b3","169e810ef736e63846100a77ce780cfa","","","""2026-10-01T13:08:09.632Z""","API","gate.correct","NUMERIC","1","","Predicted 6500, confirmed 6500","{}","","invoice_confirmation","","[]","default",""
"e4354eb136232899","08e4137c47c60e79a7bbb9bcd23a5444","","","""2026-10-01T13:08:04.523Z""","API","gate.correct","NUMERIC","1","","Predicted 6500, confirmed 6500","{}","","invoice_confirmation","","[]","default",""
"2390d9d9026f1b30","e3e7cd83e6fbadfb7297209c2f05fb6d","","","""2026-10-01T13:07:57.315Z""","API","gate.correct","NUMERIC","1","","Predicted 6500, confirmed 6500","{}","","invoice_confirmation","","[]","default",""
"25d8ed48c52509bd","e462932d042cb599af2b543729b83573","","","""2026-10-01T13:07:51.988Z""","API","gate.correct","NUMERIC","1","","Predicted 7100, confirmed 7100","{}","","invoice_confirmation","","[]","default",""
"644af3411cafef91","a23c24b46bdb38e59314e89d93920b6a","","","""2026-10-01T13:07:47.112Z""","API","gate.correct","NUMERIC","1","","Predicted 6800, confirmed 6800","{}","","invoice_confirmation","","[]","default",""
"d234e91fe131453a","8a14647a5c5da43d83b581c1eecda8d0","","","""2026-10-01T13:07:40.548Z""","API","gate.correct","NUMERIC","1","","Predicted 6700, confirmed 6700","{}","","invoice_confirmation","","[]","default",""
"4f2e7479a472d09d","8623993eb69744268419097b1e9ddfb6","","","""2026-10-01T13:07:34.379Z""","API","gate.correct","NUMERIC","1","","Predicted 6600, confirmed 6600","{}","","invoice_confirmation","","[]","default",""
"02f214fd6d54a6f0","15cbbce517a129deca4c459432163b03","","","""2026-10-01T13:07:28.985Z""","API","gate.correct","NUMERIC","1","","Predicted 6800, confirmed 6800","{}","","invoice_confirmation","","[]","default",""
"99f52a60295e515e","4a730943e8a51353e1a3879a3a67a739","","","""2026-10-01T13:07:23.801Z""","API","gate.correct","NUMERIC","1","","Predicted 6800, confirmed 6800","{}","","invoice_confirmation","","[]","default",""
"1e6298370fa4077f","a85a6b9b5941006303aab74866e1d539","","","""2026-10-01T13:07:14.929Z""","API","gate.correct","NUMERIC","1","","Predicted 6300, confirmed 6300","{}","","invoice_confirmation","","[]","default",""
"e8ba257d597b9fa7","030d9feb18918a4ed7f40c8a83a6c4b7","","","""2026-10-01T13:07:09.521Z""","API","gate.correct","NUMERIC","1","","Predicted 7100, confirmed 7100","{}","","invoice_confirmation","","[]","default",""
"90a1bb947efade00","83d5e78a4cff1a006a514c481ba288f9","","","""2026-10-01T13:07:04.872Z""","API","gate.correct","NUMERIC","1","","Predicted 6800, confirmed 6800","{}","","invoice_confirmation","","[]","default",""
"240939979872ac17","fb22300dc299c709ed4215102439e67e","","","""2026-10-01T13:06:57.817Z""","API","gate.correct","NUMERIC","1","","Predicted 6800, confirmed 6800","{}","","invoice_confirmation","","[]","default",""
"a5c57d117543a931","c463ee18ad86a7c9cf3262db29399e9e","","","""2026-10-01T13:06:52.703Z""","API","gate.correct","NUMERIC","1","","Predicted 6100, confirmed 6100","{}","","invoice_confirmation","","[]","default",""
"652525ccce4654fe","f9227619d550b10c906deabf7fbcb339","","","""2026-10-01T13:06:45.585Z""","API","gate.correct","NUMERIC","1","","Predicted 6800, confirmed 6800","{}","","invoice_confirmation","","[]","default",""
"648aefcc86543345","f10fa87bf3c6eb1747d1177ff86822c5","","","""2026-10-01T13:06:41.304Z""","API","gate.correct","NUMERIC","1","","Predicted 6500, confirmed 6500","{}","","invoice_confirmation","","[]","default",""
"4d9105e73f053be1","1314c898976532278ecc820c35013214","","","""2026-10-01T13:06:35.852Z""","API","gate.correct","NUMERIC","1","","Predicted 6100, confirmed 6100","{}","","invoice_confirmation","","[]","default",""
"85992cb37e3134d7","5385a8727dc573c1ba66ab9928a57679","","","""2026-10-01T13:06:30.399Z""","API","gate.correct","NUMERIC","1","","Predicted 6500, confirmed 6500","{}","","invoice_confirmation","","[]","default",""
"1c84a071586155c3","ba20461fc25144aa89d457b6b9ac1ce4","","","""2026-10-01T13:06:25.143Z""","API","gate.correct","NUMERIC","1","","Predicted 6800, confirmed 6800","{}","","invoice_confirmation","","[]","default",""
"af7fc11d9c5c6543","acbd3c7d7dd7e927fb9a1687d8d9bc28","","","""2026-10-01T13:06:19.295Z""","API","gate.correct","NUMERIC","1","","Predicted 6100, confirmed 6100","{}","","invoice_confirmation","","[]","default",""
"ee7b5f3103cc89a1","e13b29988957268c90194c91ce399963","","","""2026-10-01T13:06:15.059Z""","API","gate.correct","NUMERIC","1","","Predicted 6300, confirmed 6300","{}","","invoice_confirmation","","[]","default",""
"ff1217949048ea99","57a1623a3c6cb07844757342793a6621","","","""2026-10-01T13:06:10.225Z""","API","gate.correct","NUMERIC","1","","Predicted 6400, confirmed 6400","{}","","invoice_confirmation","","[]","default",""
"8b2d05d32259c823","16e889f02236f914d3a3dd19d0dcb55b","","","""2026-10-01T13:06:01.593Z""","API","gate.correct","NUMERIC","1","","Predicted 6800, confirmed 6800","{}","","invoice_confirmation","","[]","default",""
"d6540a6d313002b9","675c3ef439e517a7fb90b1aec226b06a","","","""2026-10-01T13:05:53.362Z""","API","gate.correct","NUMERIC","1","","Predicted 6500, confirmed 6500","{}","","invoice_confirmation","","[]","default",""
"ca5ccb5aba1336ce","5e852588202e67d78217bab13b4bf632","","","""2026-10-01T13:05:46.202Z""","API","gate.correct","NUMERIC","1","","Predicted 6500, confirmed 6500","{}","","invoice_confirmation","","[]","default",""
"d66b291f7952b530","357313670c82475219b56b2bd892432c","","","""2026-10-01T13:05:40.685Z""","API","gate.correct","NUMERIC","1","","Predicted 7100, confirmed 7100","{}","","invoice_confirmation","","[]","default",""
"79fa32f2a0cf3caf","785fdcc549896ed9324f741a5dba5550","","","""2026-10-01T13:05:35.693Z""","API","gate.correct","NUMERIC","1","","Predicted 6500, confirmed 6500","{}","","invoice_confirmation","","[]","default",""
"a3ec17120460c460","ea0f1fda0727160d866ed4a0c64b93ea","","","""2026-10-01T13:05:28.249Z""","API","gate.correct","NUMERIC","1","","Predicted 6500, confirmed 6500","{}","","invoice_confirmation","","[]","default",""
"04edef95f566547f","ef1653ed1b3a450464fae7958725c65c","","","""2026-10-01T13:05:21.844Z""","API","gate.correct","NUMERIC","1","","Predicted 6500, confirmed 6500","{}","","invoice_confirmation","","[]","default",""
"f364b4d688652adb","53c094b2a2d10d2cbabaadebe55b9519","","","""2026-10-01T13:05:14.698Z""","API","gate.correct","NUMERIC","1","","Predicted 6100, confirmed 6100","{}","","invoice_confirmation","","[]","default",""
"65667b3756b698cd","c221c2b12d2613ff45f897669492829c","","","""2026-10-01T13:05:09.826Z""","API","gate.correct","NUMERIC","1","","Predicted 6600, confirmed 6600","{}","","invoice_confirmation","","[]","default",""
"486f91219c17b920","521445282caf93f0a65634291b8e034b","","","""2026-10-01T13:05:02.680Z""","API","gate.correct","NUMERIC","1","","Predicted 6700, confirmed 6700","{}","","invoice_confirmation","","[]","default",""
"3a385c704fe1a1f4","4956cb1b2c53496b111b625d0bed35a4","","","""2026-10-01T13:04:57.560Z""","API","gate.correct","NUMERIC","1","","Predicted 6200, confirmed 6200","{}","","invoice_confirmation","","[]","default",""
"bf54fddf16e364bb","c88a7321cbca91622062d417aeae918f","","","""2026-10-01T13:04:51.740Z""","API","gate.correct","NUMERIC","1","","Predicted 6200, confirmed 6200","{}","","invoice_confirmation","","[]","default",""
"0e92eb6d1b5a39d7","26a8879aa95dc397c3508774e0089943","","","""2026-10-01T13:04:46.243Z""","API","gate.correct","NUMERIC","1","","Predicted 6300, confirmed 6300","{}","","invoice_confirmation","","[]","default",""
"4b7b51a9f8f621bf","c1e6c3d4e9bc18343766eb2fb9de6a7b","","","""2026-10-01T13:04:41.216Z""","API","gate.correct","NUMERIC","1","","Predicted 7100, confirmed 7100","{}","","invoice_confirmation","","[]","default",""
"3f4e521f271cf132","b572fe0569d5732dc20954ab16ccbea8","","","""2026-10-01T13:04:35.361Z""","API","gate.correct","NUMERIC","1","","Predicted 6100, confirmed 6100","{}","","invoice_confirmation","","[]","default",""
"80f5faa7c993fdd8","fb4e381816a10e52ae7f5fd87b540e6c","","","""2026-10-01T13:04:30.098Z""","API","gate.correct","NUMERIC","1","","Predicted 7100, confirmed 7100","{}","","invoice_confirmation","","[]","default",""
"38d47ac9d8243db0","ef3a0a33db7630bfdeb2ae652eff5982","","","""2026-10-01T13:04:25.122Z""","API","gate.correct","NUMERIC","1","","Predicted 6300, confirmed 6300","{}","","invoice_confirmation","","[]","default",""
"c9cfa4345c9c4d49","5bf7132e906aee5f432ba361b4ed8dd6","","","""2026-10-01T13:04:18.670Z""","API","gate.correct","NUMERIC","1","","Predicted 6700, confirmed 6700","{}","","invoice_confirmation","","[]","default",""
"6d977716ef3bf486","0e1ae357adbe5b7e00d3eabd53c2964a","","","""2026-10-01T13:04:10.879Z""","API","gate.correct","NUMERIC","1","","Predicted 6700, confirmed 6700","{}","","invoice_confirmation","","[]","default",""
"229d9490b336437e","92a767454bee51289bb6727d4971358b","","","""2026-10-01T13:04:05.455Z""","API","gate.correct","NUMERIC","1","","Predicted 6400, confirmed 6400","{}","","invoice_confirmation","","[]","default",""
"59bbc26c45fa7aa4","65377af56265479365a7effa8ef748f7","","","""2026-10-01T13:03:59.857Z""","API","gate.correct","NUMERIC","1","","Predicted 6500, confirmed 6500","{}","","invoice_confirmation","","[]","default",""
"49da41e2e1d113e9","5f7937112efa5e06190c19220f53cf9d","","","""2026-10-01T13:03:54.543Z""","API","gate.correct","NUMERIC","1","","Predicted 6700, confirmed 6700","{}","","invoice_confirmation","","[]","default",""
"e14d675fa09f609a","2bfa3de15dd7a20f572698c6f8ba99d4","","","""2026-10-01T13:03:49.407Z""","API","gate.correct","NUMERIC","1","","Predicted 6200, confirmed 6200","{}","","invoice_confirmation","","[]","default",""
"913effa29bb08cce","4e6ac23ef7006213b000dfe35820de69","","","""2026-10-01T13:03:43.425Z""","API","gate.correct","NUMERIC","1","","Predicted 6200, confirmed 6200","{}","","invoice_confirmation","","[]","default",""
"021dcd17338d202b","d86be5ebdc9c007719851a76f4eca310","","","""2026-10-01T13:03:37.964Z""","API","gate.correct","NUMERIC","1","","Predicted 6400, confirmed 6400","{}","","invoice_confirmation","","[]","default",""
"4387c77c6b28ae94","73c23371d32ef11d22af579793273717","","","""2026-10-01T13:03:32.362Z""","API","gate.correct","NUMERIC","1","","Predicted 6300, confirmed 6300","{}","","invoice_confirmation","","[]","default",""
"a37e6bd14d656f7c","7fd2f0855ae21da44e0ba388d9e81e55","","","""2026-10-01T13:03:27.370Z""","API","gate.correct","NUMERIC","1","","Predicted 6600, confirmed 6600","{}","","invoice_confirmation","","[]","default",""
"94121134544ce7f6","8ba2134ef3a44a70b6f6904ddedc6243","","","""2026-10-01T13:03:20.155Z""","API","gate.correct","NUMERIC","1","","Predicted 6700, confirmed 6700","{}","","invoice_confirmation","","[]","default",""
"da0b6ecd9b2b5ecd","6741b9e7c9c1cb5eb6f085e70f65a421","","","""2026-10-01T13:03:14.800Z""","API","gate.correct","NUMERIC","1","","Predicted 6100, confirmed 6100","{}","","invoice_confirmation","","[]","default",""
"3c03d0c0761c542a","fd05315b115cf40bf6744bf5e5bb2eeb","","","""2026-10-01T13:03:10.314Z""","API","gate.correct","NUMERIC","1","","Predicted 6600, confirmed 6600","{}","","invoice_confirmation","","[]","default",""
"a33bb5e8148a1c45","1652c698b6133ab52918be32f6129562","","","""2026-10-01T13:03:05.584Z""","API","gate.correct","NUMERIC","1","","Predicted 6600, confirmed 6600","{}","","invoice_confirmation","","[]","default",""
"15f36f68cfcea078","25993ec7f9b599c691b1a807f7ec7ff7","","","""2026-10-01T13:02:59.505Z""","API","gate.correct","NUMERIC","1","","Predicted 6500, confirmed 6500","{}","","invoice_confirmation","","[]","default",""
"c5839fc1b212e655","9dbdd31581829daf711bcc3d34226fd4","","","""2026-10-01T13:02:55.068Z""","API","gate.correct","NUMERIC","1","","Predicted 6600, confirmed 6600","{}","","invoice_confirmation","","[]","default",""
"71c2be5e087ddc43","6eb3432ecd53e72c196dd97f8396332a","","","""2026-10-01T13:02:49.850Z""","API","gate.correct","NUMERIC","1","","Predicted 6100, confirmed 6100","{}","","invoice_confirmation","","[]","default",""
"cc4c9a0aeb30738b","bad55dff69842bb4413fbf55dda6c53b","","","""2026-10-01T13:02:44.862Z""","API","gate.correct","NUMERIC","1","","Predicted 6500, confirmed 6500","{}","","invoice_confirmation","","[]","default",""
"eba45331f303ea97","b9fac4fa7221c4b1c1c11c4dc61cebbb","","","""2026-10-01T13:02:39.235Z""","API","gate.correct","NUMERIC","1","","Predicted 6400, confirmed 6400","{}","","invoice_confirmation","","[]","default",""
"07152c34751b390b","80e595ec1e8d6c52d05d5bb0786f3637","","","""2026-10-01T13:02:33.924Z""","API","gate.correct","NUMERIC","1","","Predicted 6700, confirmed 6700","{}","","invoice_confirmation","","[]","default",""
"0f6c2ff866720791","45af3856c9248d5dba3739b0a751813b","","","""2026-10-01T13:02:28.054Z""","API","gate.correct","NUMERIC","1","","Predicted 6700, confirmed 6700","{}","","invoice_confirmation","","[]","default",""
"2148832013c643ad","db47baf6d9c5203f0a836ecf024e62ee","","","""2026-10-01T13:02:23.062Z""","API","gate.correct","NUMERIC","1","","Predicted 6600, confirmed 6600","{}","","invoice_confirmation","","[]","default",""
"21a204c9abcc94f2","7fea52bb1eeb188ada346969c15a4762","","","""2026-10-01T13:02:15.358Z""","API","gate.correct","NUMERIC","1","","Predicted 6700, confirmed 6700","{}","","invoice_confirmation","","[]","default",""
"b9e11f58b98ccc26","5e1abaa9a32785c2c5233b0c30bd253a","","","""2026-10-01T13:02:11.169Z""","API","gate.correct","NUMERIC","1","","Predicted 6400, confirmed 6400","{}","","invoice_confirmation","","[]","default",""
"bed0749569f5f325","6ef66b20ae55b9675b6286289a1bab59","","","""2026-10-01T13:02:06.321Z""","API","gate.correct","NUMERIC","1","","Predicted 6100, confirmed 6100","{}","","invoice_confirmation","","[]","default",""
"b3121bb1777ebb65","9da0fd35a247e61d5013b125b354e95d","","","""2026-10-01T13:01:59.414Z""","API","gate.correct","NUMERIC","1","","Predicted 6500, confirmed 6500","{}","","invoice_confirmation","","[]","default",""
"b441a7e4ed7f7c68","6e5039edb3846ee94b33a74ea60ccda8","","","""2026-10-01T13:01:53.832Z""","API","gate.correct","NUMERIC","1","","Predicted 6800, confirmed 6800","{}","","invoice_confirmation","","[]","default",""
"a251bc32ced8b58d","438afae717470392babf85ace7e4ed29","","","""2026-10-01T13:01:48.859Z""","API","gate.correct","NUMERIC","1","","Predicted 6400, confirmed 6400","{}","","invoice_confirmation","","[]","default",""
"8479738c1edead54","184955491c713481608a6965fbdc0ba2","","","""2026-10-01T13:01:42.874Z""","API","gate.correct","NUMERIC","1","","Predicted 6300, confirmed 6300","{}","","invoice_confirmation","","[]","default",""
"35128b9a776a6d35","aeee539b01ed364eba05b7e2031d18b7","","","""2026-10-01T13:01:37.990Z""","API","gate.correct","NUMERIC","1","","Predicted 6100, confirmed 6100","{}","","invoice_confirmation","","[]","default",""
"b5d93c55230313fb","efede37b2a67a82cd4b8ff98eb8c5269","","","""2026-10-01T13:01:31.549Z""","API","gate.correct","NUMERIC","1","","Predicted 6400, confirmed 6400","{}","","invoice_confirmation","","[]","default",""
"26839f3114e93f50","552cde115ecfc4606760aa45165462be","","","""2026-10-01T13:01:24.793Z""","API","gate.correct","NUMERIC","1","","Predicted 6400, confirmed 6400","{}","","invoice_confirmation","","[]","default",""
"3f679425207b40c9","de0d35d5556882b75d599874b4bd729e","","","""2026-10-01T13:01:17.760Z""","API","gate.correct","NUMERIC","1","","Predicted 6500, confirmed 6500","{}","","invoice_confirmation","","[]","default",""
"c39aec78f8df5dba","603391635cbda6dc79ae5aac7dd74d73","","","""2026-10-01T13:01:10.653Z""","API","gate.correct","NUMERIC","1","","Predicted 6600, confirmed 6600","{}","","invoice_confirmation","","[]","default",""
"638345f4da73ad7f","60b7bea41d81dfe23c4adde1a124c670","","","""2026-10-01T13:01:02.128Z""","API","gate.correct","NUMERIC","1","","Predicted 6200, confirmed 6200","{}","","invoice_confirmation","","[]","default",""
"d4f54a314fbb38d9","9de6ff83944dbfea20c68c84b3b5b1ee","","","""2026-10-01T13:00:54.543Z""","API","gate.correct","NUMERIC","1","","Predicted 6500, confirmed 6500","{}","","invoice_confirmation","","[]","default",""
"db805faa2b27d588","4b11290782f734d5d7be8ec419fae636","","","""2026-10-01T13:00:48.084Z""","API","gate.correct","NUMERIC","1","","Predicted 6200, confirmed 6200","{}","","invoice_confirmation","","[]","default",""
"a5a23178ba40186d","bb424ae0b0f70b12e64175a5ffd3c85d","","","""2026-10-01T13:00:41.344Z""","API","gate.correct","NUMERIC","1","","Predicted 7100, confirmed 7100","{}","","invoice_confirmation","","[]","default",""
"cd6025b5e5177431","a2867a2a9ff5a70c0b80e495a73d3603","","","""2026-10-01T13:00:35.626Z""","API","gate.correct","NUMERIC","1","","Predicted 6700, confirmed 6700","{}","","invoice_confirmation","","[]","default",""
"f26fdc1aa957ffc9","578e3d1c32f7fd0981a53037f90353a5","","","""2026-10-01T13:00:25.158Z""","API","gate.correct","NUMERIC","1","","Predicted 7100, confirmed 7100","{}","","invoice_confirmation","","[]","default",""
"f3c789227a7cc3fc","e1bcac8aaf83e442ae4d7c4f009983a2","","","""2026-10-01T13:00:16.806Z""","API","gate.correct","NUMERIC","1","","Predicted 6700, confirmed 6700","{}","","invoice_confirmation","","[]","default",""
"51a4d4b8444cb845","8a1082d5fde02dbbf71df8d263042837","","","""2026-10-01T13:00:11.715Z""","API","gate.correct","NUMERIC","1","","Predicted 6500, confirmed 6500","{}","","invoice_confirmation","","[]","default",""
"02e9f7da6c071207","e7d61939f27026f947990d19ad776638","","","""2026-10-01T13:00:01.982Z""","API","gate.correct","NUMERIC","1","","Predicted 6100, confirmed 6100","{}","","invoice_confirmation","","[]","default",""
"f3d21fb057c80f9f","da685a385f85c215f58b8dc17eda674c","","","""2026-10-01T12:59:56.404Z""","API","gate.correct","NUMERIC","1","","Predicted 6500, confirmed 6500","{}","","invoice_confirmation","","[]","default",""
"d6a475d21bb80969","30e62d2cc976379a758b6b1c7f08ce87","","","""2026-10-01T12:59:52.123Z""","API","gate.correct","NUMERIC","1","","Predicted 6500, confirmed 6500","{}","","invoice_confirmation","","[]","default",""
"08664d8e0af59223","47ace128e038dc83c1cc16294dd8d7b0","","","""2026-10-01T12:59:46.886Z""","API","gate.correct","NUMERIC","1","","Predicted 6500, confirmed 6500","{}","","invoice_confirmation","","[]","default",""
"d6016bd82a08f285","8f8d48fe479421cf2a643b17b36c85e6","","","""2026-10-01T12:59:41.459Z""","API","gate.correct","NUMERIC","1","","Predicted 6400, confirmed 6400","{}","","invoice_confirmation","","[]","default",""
"f2a4eb92c85192bc","b450c18f2ed246479070850359d073c6","","","""2026-10-01T12:59:36.380Z""","API","gate.correct","NUMERIC","1","","Predicted 6500, confirmed 6500","{}","","invoice_confirmation","","[]","default",""
"439a4baee6c90554","0bd803a89b818ea4a2b64069254e81b3","","","""2026-10-01T12:59:27.795Z""","API","gate.correct","NUMERIC","1","","Predicted 6200, confirmed 6200","{}","","invoice_confirmation","","[]","default",""
"e36d3d2c2260b12b","f373906f79ae7848c7484823dd7e4573","","","""2026-10-01T12:58:49.234Z""","API","gate.correct","NUMERIC","1","","Predicted 6500, confirmed 6500","{}","","invoice_confirmation","","[]","default",""
"9b3fbeea191620b6","7efd283ffd0ad18dead45666d19c859d","","","""2026-10-01T12:58:45.074Z""","API","gate.correct","NUMERIC","1","","Predicted 6200, confirmed 6200","{}","","invoice_confirmation","","[]","default",""
"092ad7a22754dddf","c6e6e1bed4fd5c0619ec9d05e2988ada","","","""2026-10-01T12:58:39.636Z""","API","gate.correct","NUMERIC","1","","Predicted 6500, confirmed 6500","{}","","invoice_confirmation","","[]","default",""
"611dd8002ae23435","76882b03e2ea87dc3e3775c81352121e","","","""2026-10-01T12:58:32.175Z""","API","gate.correct","NUMERIC","1","","Predicted 7100, confirmed 7100","{}","","invoice_confirmation","","[]","default",""
"9cf740312781cdae","86e715928b8f191a5628e228338cf360","","","""2026-10-01T12:58:26.778Z""","API","gate.correct","NUMERIC","1","","Predicted 6700, confirmed 6700","{}","","invoice_confirmation","","[]","default",""
"f283bfb738efbef9","92a538c59cd0fee042fa40e3789c164b","","","""2026-10-01T12:58:22.136Z""","API","gate.correct","NUMERIC","1","","Predicted 6200, confirmed 6200","{}","","invoice_confirmation","","[]","default",""
"b502ddd33e06976b","c7c5efd0e8001f803602ea162507a1bd","","","""2026-10-01T12:58:14.809Z""","API","gate.correct","NUMERIC","1","","Predicted 6500, confirmed 6500","{}","","invoice_confirmation","","[]","default",""
"beff05978564b628","b9d0d9ffb08f97cfb5ceb51dafa67f8a","","","""2026-10-01T12:58:10.006Z""","API","gate.correct","NUMERIC","1","","Predicted 6200, confirmed 6200","{}","","invoice_confirmation","","[]","default",""
"ab38cc68393838df","349f738a51140e6bff068cb0e50d2c45","","","""2026-10-01T12:58:02.810Z""","API","gate.correct","NUMERIC","1","","Predicted 6500, confirmed 6500","{}","","invoice_confirmation","","[]","default",""
"559e0fd2d10bd6bb","7b746b0481a204dea45d164672582b55","","","""2026-10-01T12:57:57.925Z""","API","gate.correct","NUMERIC","1","","Predicted 6500, confirmed 6500","{}","","invoice_confirmation","","[]","default",""
"abaf199d1e7c4e12","80b0bc137c7e7e9d394b96e3ab5be29e","","","""2026-10-01T12:57:51.022Z""","API","gate.correct","NUMERIC","1","","Predicted 6700, confirmed 6700","{}","","invoice_confirmation","","[]","default",""
"dca48b9ad4bd400e","554bfaa51017b2dac27fbde4ed83c341","","","""2026-10-01T12:57:43.107Z""","API","gate.correct","NUMERIC","1","","Predicted 6500, confirmed 6500","{}","","invoice_confirmation","","[]","default",""
"fd4362467c427ceb","d842cb58ec89635045942202b2ea6e04","","","""2026-10-01T12:57:32.044Z""","API","gate.correct","NUMERIC","1","","Predicted 6500, confirmed 6500","{}","","invoice_confirmation","","[]","default",""
"30d3b2b738ef3b61","b6aaeda540cd1139c8e58c0dbcd4751e","","","""2026-10-01T12:57:27.562Z""","API","gate.correct","NUMERIC","1","","Predicted 6600, confirmed 6600","{}","","invoice_confirmation","","[]","default",""
"5816df837de1c4b4","0dd497ec97fa7a8d4bfb7140d599a622","","","""2026-10-01T12:57:22.991Z""","API","gate.correct","NUMERIC","1","","Predicted 6100, confirmed 6100","{}","","invoice_confirmation","","[]","default",""
"a8a52a128e163f4d","3a8fcaefac1007c694fdf9e913a563f0","","","""2026-10-01T12:57:17.016Z""","API","gate.correct","NUMERIC","1","","Predicted 6500, confirmed 6500","{}","","invoice_confirmation","","[]","default",""
"90b73bf4db242890","64449623bee68303ced3f302e9f1da36","","","""2026-10-01T12:57:12.929Z""","API","gate.correct","NUMERIC","1","","Predicted 6800, confirmed 6800","{}","","invoice_confirmation","","[]","default",""
"c9b882a5de9dbad0","a911e127819eac062ab22996351163e4","","","""2026-10-01T12:57:07.909Z""","API","gate.correct","NUMERIC","1","","Predicted 6600, confirmed 6600","{}","","invoice_confirmation","","[]","default",""
"c7cdb45d20802169","d1a6862229a86b70cb584bcb68686533","","","""2026-10-01T12:57:02.812Z""","API","gate.correct","NUMERIC","1","","Predicted 6100, confirmed 6100","{}","","invoice_confirmation","","[]","default",""
"baae91201577ced6","70c085ae519db2c4a2ab3b5c1cfce11d","","","""2026-10-01T12:56:52.572Z""","API","gate.correct","NUMERIC","1","","Predicted 7100, confirmed 7100","{}","","invoice_confirmation","","[]","default",""
"1363439fd5af530e","aa755aa30f5a20b255893268fffda482","","","""2026-10-01T12:56:42.617Z""","API","gate.correct","NUMERIC","1","","Predicted 6700, confirmed 6700","{}","","invoice_confirmation","","[]","default",""
"46b6259144f8546c","25094468a7d8af313c0ef7bbae18a794","","","""2026-10-01T12:56:37.640Z""","API","gate.correct","NUMERIC","1","","Predicted 6700, confirmed 6700","{}","","invoice_confirmation","","[]","default",""
"01907c220f271bab","b6bef04dd7b48add15716afb20f0113c","","","""2026-10-01T12:56:30.548Z""","API","gate.correct","NUMERIC","1","","Predicted 6400, confirmed 6400","{}","","invoice_confirmation","","[]","default",""
"f19e60be20e0d9d1","fe663df87d2116baa5d14032820f330d","","","""2026-10-01T12:56:26.273Z""","API","gate.correct","NUMERIC","1","","Predicted 6700, confirmed 6700","{}","","invoice_confirmation","","[]","default",""
"11416e239a3f4df1","42daac4851952d524f2bdee30d25a48f","","","""2026-10-01T12:56:20.873Z""","API","gate.correct","NUMERIC","1","","Predicted 6800, confirmed 6800","{}","","invoice_confirmation","","[]","default",""
"db4302399b822f7b","8b3fcc801f42eef34709ceccb5c4220c","","","""2026-10-01T12:56:16.635Z""","API","gate.correct","NUMERIC","1","","Predicted 7100, confirmed 7100","{}","","invoice_confirmation","","[]","default",""
"eb3b5ca34f8dbe47","8ef73203aa1b28684c6f3ed38eed86ae","","","""2026-10-01T12:56:11.259Z""","API","gate.correct","NUMERIC","1","","Predicted 6100, confirmed 6100","{}","","invoice_confirmation","","[]","default",""
"c94fd4e234b5e0bc","718c2fc1dc892e4ff5d65aaa6b9478de","","","""2026-10-01T12:56:06.289Z""","API","gate.correct","NUMERIC","1","","Predicted 6100, confirmed 6100","{}","","invoice_confirmation","","[]","default",""
"1bee9463e37f8602","ad784f3413d751736305c7d1dc19c48b","","","""2026-10-01T12:55:58.156Z""","API","gate.correct","NUMERIC","1","","Predicted 6200, confirmed 6200","{}","","invoice_confirmation","","[]","default",""
"b189333ce01b74ae","1e2e381d914c833058295b7f2509dfb9","","","""2026-10-01T12:55:50.790Z""","API","gate.correct","NUMERIC","1","","Predicted 6400, confirmed 6400","{}","","invoice_confirmation","","[]","default",""
"fd84d120fb513454","d6816fc4aaa2ff0c22a0a06404f68ecb","","","""2026-10-01T12:55:45.241Z""","API","gate.correct","NUMERIC","1","","Predicted 6400, confirmed 6400","{}","","invoice_confirmation","","[]","default",""
"186d91dfe6f92f51","fe6641097fbc2007b787253910820a2a","","","""2026-10-01T12:55:40.407Z""","API","gate.correct","NUMERIC","1","","Predicted 6700, confirmed 6700","{}","","invoice_confirmation","","[]","default",""
"9de770251abe0f74","e5f43c3004fefa348442f8374ffeb00b","","","""2026-10-01T12:55:34.455Z""","API","gate.correct","NUMERIC","1","","Predicted 6500, confirmed 6500","{}","","invoice_confirmation","","[]","default",""
"57dc862cad09400b","d4006d5861bb89bb4c24d2a3456d39b2","","","""2026-10-01T12:55:30.012Z""","API","gate.correct","NUMERIC","1","","Predicted 6400, confirmed 6400","{}","","invoice_confirmation","","[]","default",""
"8135abb5cb4f464c","892e63514b040e5b271862485fe86360","","","""2026-10-01T12:55:22.961Z""","API","gate.correct","NUMERIC","1","","Predicted 6100, confirmed 6100","{}","","invoice_confirmation","","[]","default",""
"0b5a5aeeae4366e2","91f055f7299752669074cfffc67e4557","","","""2026-10-01T12:55:14.054Z""","API","gate.correct","NUMERIC","1","","Predicted 6100, confirmed 6100","{}","","invoice_confirmation","","[]","default",""
"77234e915555537b","c90a68ace9345304c147ca1792ec0914","","","""2026-10-01T12:55:04.826Z""","API","gate.correct","NUMERIC","1","","Predicted 6500, confirmed 6500","{}","","invoice_confirmation","","[]","default",""
"9287c1180caeda2a","a1539a98cfbd5974752593381c43ecb4","","","""2026-10-01T12:54:59.959Z""","API","gate.correct","NUMERIC","1","","Predicted 6700, confirmed 6700","{}","","invoice_confirmation","","[]","default",""
"77a432e6edcf3330","cebfe6190fd40e857ffdc7089f997b79","","","""2026-10-01T12:54:52.180Z""","API","gate.correct","NUMERIC","1","","Predicted 7100, confirmed 7100","{}","","invoice_confirmation","","[]","default",""
"8eee7035dd7c68ff","535f595fc9b8ab7e53405418f00fd358","","","""2026-10-01T12:54:47.011Z""","API","gate.correct","NUMERIC","1","","Predicted 6700, confirmed 6700","{}","","invoice_confirmation","","[]","default",""
"a9463321abc41290","44ea6b99a0ca06d5ab09b06e9609bcea","","","""2026-10-01T12:54:37.356Z""","API","gate.correct","NUMERIC","1","","Predicted 6200, confirmed 6200","{}","","invoice_confirmation","","[]","default",""
"373399d669c82ce9","81785d829c4739e859442083bd743a5e","","","""2026-10-01T12:54:29.774Z""","API","gate.correct","NUMERIC","1","","Predicted 6100, confirmed 6100","{}","","invoice_confirmation","","[]","default",""
"4bf467034ff9017f","a3beec5158b89ca3360bc52cd9fdf82a","","","""2026-10-01T12:54:25.091Z""","API","gate.correct","NUMERIC","1","","Predicted 6400, confirmed 6400","{}","","invoice_confirmation","","[]","default",""
"ae4265662e538728","c3ab0c5f56c5372b15d7c054c4983983","","","""2026-10-01T12:54:18.559Z""","API","gate.correct","NUMERIC","1","","Predicted 6500, confirmed 6500","{}","","invoice_confirmation","","[]","default",""
"0963d5d1ccdd3264","6f112ef9dead44d8302d556acc01fe21","","","""2026-10-01T12:54:11.183Z""","API","gate.correct","NUMERIC","1","","Predicted 7100, confirmed 7100","{}","","invoice_confirmation","","[]","default",""
"02cf1b67b15c75a9","592ffa6c221702282147d7d7a558ae9b","","","""2026-10-01T12:54:04.267Z""","API","gate.correct","NUMERIC","1","","Predicted 6300, confirmed 6300","{}","","invoice_confirmation","","[]","default",""
"e484d533e3713100","685dbea57e31fc07f0472f0d972483ed","","","""2026-10-01T12:53:59.298Z""","API","gate.correct","NUMERIC","1","","Predicted 6500, confirmed 6500","{}","","invoice_confirmation","","[]","default",""
"cf9cee379b97fba6","f680ca50fc25a499eb72bf4cdba61edd","","","""2026-10-01T12:53:53.408Z""","API","gate.correct","NUMERIC","1","","Predicted 6600, confirmed 6600","{}","","invoice_confirmation","","[]","default",""
"5c58539d2883043d","f72014346400d728da588501c6b0f3b6","","","""2026-10-01T12:53:48.604Z""","API","gate.correct","NUMERIC","1","","Predicted 6600, confirmed 6600","{}","","invoice_confirmation","","[]","default",""
"f221e28ab7c75e32","b3f3da566935dccefd126873e4bf7ce1","","","""2026-10-01T12:53:41.776Z""","API","gate.correct","NUMERIC","1","","Predicted 7100, confirmed 7100","{}","","invoice_confirmation","","[]","default",""
"f5190f9b3088a619","eab38fb6d21a55fb4fba126475175e3c","","","""2026-10-01T12:53:34.562Z""","API","gate.correct","NUMERIC","1","","Predicted 6500, confirmed 6500","{}","","invoice_confirmation","","[]","default",""
"228c03648cecfa1e","fe401540de747f0d7a2830a3bd807464","","","""2026-10-01T12:53:26.065Z""","API","gate.correct","NUMERIC","1","","Predicted 6200, confirmed 6200","{}","","invoice_confirmation","","[]","default",""
"ed0fc0be2297b414","f97bf846528bbbec19a9d13a3a9674c7","","","""2026-10-01T12:53:20.127Z""","API","gate.correct","NUMERIC","1","","Predicted 6600, confirmed 6600","{}","","invoice_confirmation","","[]","default",""
"8f3bf8d2473599c0","db4da89e78d24308fa6d9c73dbfe6ae4","","","""2026-10-01T12:53:15.564Z""","API","gate.correct","NUMERIC","1","","Predicted 6600, confirmed 6600","{}","","invoice_confirmation","","[]","default",""
"0a069ff90cf40e0b","6dcb7fa257d20f19a9c72efdc4b38139","","","""2026-10-01T12:53:03.549Z""","API","gate.correct","NUMERIC","1","","Predicted 6800, confirmed 6800","{}","","invoice_confirmation","","[]","default",""
"4ffbf23fbfc36278","e5aa6960cde20b958ad9e10f8da7912b","","","""2026-10-01T12:52:56.144Z""","API","gate.correct","NUMERIC","1","","Predicted 6300, confirmed 6300","{}","","invoice_confirmation","","[]","default",""
"453d2f5c9707126b","2c28a90a3e3a865e02f9eb798e5b3971","","","""2026-10-01T12:52:51.450Z""","API","gate.correct","NUMERIC","1","","Predicted 6700, confirmed 6700","{}","","invoice_confirmation","","[]","default",""
"88a9237dc49e5b70","53a58a0e2986e95a84b1bab92009d814","","","""2026-10-01T12:52:45.478Z""","API","gate.correct","NUMERIC","1","","Predicted 6700, confirmed 6700","{}","","invoice_confirmation","","[]","default",""
"6748671e172ae7de","c44f864fb114e48f479ae3909015ca30","","","""2026-10-01T12:52:41.201Z""","API","gate.correct","NUMERIC","1","","Predicted 6800, confirmed 6800","{}","","invoice_confirmation","","[]","default",""
"04fad326554cefff","e6f7507316b9589b3a6ef2048e5026cf","","","""2026-10-01T12:52:37.036Z""","API","gate.correct","NUMERIC","1","","Predicted 7100, confirmed 7100","{}","","invoice_confirmation","","[]","default",""
"acde513bb3018105","33157c7e72d4ac70bf1912bc51d4ab34","","","""2026-10-01T12:52:32.132Z""","API","gate.correct","NUMERIC","1","","Predicted 6400, confirmed 6400","{}","","invoice_confirmation","","[]","default",""
"6b7b70df28501b37","a8761f2c1054d81d2b34573dd1aa73d9","","","""2026-10-01T12:52:26.446Z""","API","gate.correct","NUMERIC","1","","Predicted 7100, confirmed 7100","{}","","invoice_confirmation","","[]","default",""
"c592f7eab4f43427","f49e712c61276d5d8b8ddffbd27caee5","","","""2026-10-01T12:52:21.649Z""","API","gate.correct","NUMERIC","1","","Predicted 6800, confirmed 6800","{}","","invoice_confirmation","","[]","default",""
"8685323e8c1905b0","5f739b46d324e4f28c7482c4cdf5211a","","","""2026-10-01T12:52:14.659Z""","API","gate.correct","NUMERIC","1","","Predicted 6800, confirmed 6800","{}","","invoice_confirmation","","[]","default",""
"4181c0eaa0d762ff","ff49076bffab966b745dd818ad837f5d","","","""2026-10-01T12:52:04.892Z""","API","gate.correct","NUMERIC","1","","Predicted 6500, confirmed 6500","{}","","invoice_confirmation","","[]","default",""
"248018bfa0da5f59","0087fda71b5aa3149b0e306eef8399e1","","","""2026-10-01T12:51:58.181Z""","API","gate.correct","NUMERIC","1","","Predicted 6500, confirmed 6500","{}","","invoice_confirmation","","[]","default",""
"cefb51729e318679","812ea261fe6139c29c7182c0cf59c502","","","""2026-10-01T12:51:53.024Z""","API","gate.correct","NUMERIC","1","","Predicted 6600, confirmed 6600","{}","","invoice_confirmation","","[]","default",""
"144bdca24191a8c8","161a26c72111bb42ff71e3e3423dc347","","","""2026-10-01T12:51:47.319Z""","API","gate.correct","NUMERIC","1","","Predicted 6400, confirmed 6400","{}","","invoice_confirmation","","[]","default",""
"557a251adc314506","14d8c23078602c99d6c2557d2b86f07b","","","""2026-10-01T12:51:38.089Z""","API","gate.correct","NUMERIC","1","","Predicted 6500, confirmed 6500","{}","","invoice_confirmation","","[]","default",""
"fa2117a720f51757","52a6a5233f2f0f3c0132f803934a38aa","","","""2026-10-01T12:51:33.325Z""","API","gate.correct","NUMERIC","1","","Predicted 6500, confirmed 6500","{}","","invoice_confirmation","","[]","default",""
"9308c6916c267f22","6b9d784e15ca816a6fc555be753da0d4","","","""2026-10-01T12:51:26.538Z""","API","gate.correct","NUMERIC","1","","Predicted 6800, confirmed 6800","{}","","invoice_confirmation","","[]","default",""
"57d567027083f414","55e2f72d94745f2cc0c2b03cea076a2c","","","""2026-10-01T12:51:21.225Z""","API","gate.correct","NUMERIC","1","","Predicted 6500, confirmed 6500","{}","","invoice_confirmation","","[]","default",""
"8c085f00904cd848","b9cdbde327a1c2d1e62b4efba429a04b","","","""2026-10-01T12:51:14.247Z""","API","gate.correct","NUMERIC","1","","Predicted 6300, confirmed 6300","{}","","invoice_confirmation","","[]","default",""
"a0097f86e7382776","653345e81141de9b4dbf3a84e1f9d113","","","""2026-10-01T12:51:09.804Z""","API","gate.correct","NUMERIC","1","","Predicted 7100, confirmed 7100","{}","","invoice_confirmation","","[]","default",""
"a119584aab11437f","9fffdd837e9bce5b25f7be5a0f43ebce","","","""2026-10-01T12:51:05.540Z""","API","gate.correct","NUMERIC","1","","Predicted 6700, confirmed 6700","{}","","invoice_confirmation","","[]","default",""
"a5821409be4fcd4c","d7b3b50b8e9b98a49c1cc3ef568a10ce","","","""2026-10-01T12:51:01.360Z""","API","gate.correct","NUMERIC","1","","Predicted 6600, confirmed 6600","{}","","invoice_confirmation","","[]","default",""
"b987f2d3ba3a45ed","5b15f614c90f578710e988ecc67af951","","","""2026-10-01T12:50:56.543Z""","API","gate.correct","NUMERIC","1","","Predicted 6700, confirmed 6700","{}","","invoice_confirmation","","[]","default",""
"96c2e9193ceca44a","3fbe1e3082107aa2a00012ddb53e8eb6","","","""2026-10-01T12:50:50.981Z""","API","gate.correct","NUMERIC","1","","Predicted 6500, confirmed 6500","{}","","invoice_confirmation","","[]","default",""
"cd1386df0f1841f6","45b284e93a093ddfd7d6531d42bed408","","","""2026-10-01T12:50:45.626Z""","API","gate.correct","NUMERIC","1","","Predicted 6100, confirmed 6100","{}","","invoice_confirmation","","[]","default",""
"a4940c71ee747463","d52dfdd1cf1e79e91c7ff6f6f9368009","","","""2026-10-01T12:50:38.497Z""","API","gate.correct","NUMERIC","1","","Predicted 7100, confirmed 7100","{}","","invoice_confirmation","","[]","default",""
"c6a43ccfa6e603a4","50357a21b714e7e1bd7fd4603f273b99","","","""2026-10-01T12:50:33.385Z""","API","gate.correct","NUMERIC","1","","Predicted 7100, confirmed 7100","{}","","invoice_confirmation","","[]","default",""
"5905627a9ca26d84","9e740a4a731cfc8e918e878a2e5b2706","","","""2026-10-01T12:50:28.944Z""","API","gate.correct","NUMERIC","1","","Predicted 6200, confirmed 6200","{}","","invoice_confirmation","","[]","default",""
"7f95893baf2f6fdc","7ad025119ee02f33aba75068ba894324","","","""2026-10-01T12:50:19.543Z""","API","gate.correct","NUMERIC","1","","Predicted 6800, confirmed 6800","{}","","invoice_confirmation","","[]","default",""
"c4dd9891bfe015ba","932a32b89dd9f7c30d6e700b9bf6385c","","","""2026-10-01T12:50:14.644Z""","API","gate.correct","NUMERIC","1","","Predicted 7100, confirmed 7100","{}","","invoice_confirmation","","[]","default",""
"9aa70b6576bce898","5e45357b2ad6442fd485cc2a797b1a70","","","""2026-10-01T12:50:08.496Z""","API","gate.correct","NUMERIC","1","","Predicted 7100, confirmed 7100","{}","","invoice_confirmation","","[]","default",""
"900da12d504743aa","e796a5a0f53c8fd697e501bfc6aa9db5","","","""2026-10-01T12:49:59.566Z""","API","gate.correct","NUMERIC","1","","Predicted 6500, confirmed 6500","{}","","invoice_confirmation","","[]","default",""
"a213b7c0cfc5353d","9ea02f96dd7144b2e12d6aa6d0945bf9","","","""2026-10-01T12:49:51.276Z""","API","gate.correct","NUMERIC","1","","Predicted 6400, confirmed 6400","{}","","invoice_confirmation","","[]","default",""
"16a867f5e907d80d","e7874044cbec10ef3c219a2d0f4686c5","","","""2026-10-01T12:49:45.165Z""","API","gate.correct","NUMERIC","1","","Predicted 7100, confirmed 7100","{}","","invoice_confirmation","","[]","default",""
"17aab598b3b87ac4","5990285237d23bc1b7a722eabf1d0c4d","","","""2026-10-01T12:49:40.367Z""","API","gate.correct","NUMERIC","1","","Predicted 7100, confirmed 7100","{}","","invoice_confirmation","","[]","default",""
"57be61d4ecd8d1f1","177917485f006b5be66ab42e2bbe081b","","","""2026-10-01T12:49:34.187Z""","API","gate.correct","NUMERIC","1","","Predicted 6300, confirmed 6300","{}","","invoice_confirmation","","[]","default",""
"3d369f73149004d6","28c21974bb7a31e0fc225d78d386fd5a","","","""2026-10-01T12:49:30.071Z""","API","gate.correct","NUMERIC","1","","Predicted 6700, confirmed 6700","{}","","invoice_confirmation","","[]","default",""
"4d49102fe09e44c8","f1cb5462d0db400c09c640ccef6981c1","","","""2026-10-01T12:49:25.919Z""","API","gate.correct","NUMERIC","1","","Predicted 6200, confirmed 6200","{}","","invoice_confirmation","","[]","default",""
"b521cd2f728969d6","ca8c139bd63ebbaa7206d000df8b105e","","","""2026-10-01T12:49:21.703Z""","API","gate.correct","NUMERIC","1","","Predicted 6500, confirmed 6500","{}","","invoice_confirmation","","[]","default",""
"629c8ac3fdf4af20","80e87ef7262f794654eda0b2932bee0a","","","""2026-10-01T12:49:17.070Z""","API","gate.correct","NUMERIC","1","","Predicted 6700, confirmed 6700","{}","","invoice_confirmation","","[]","default",""
"072bb626abb4f32a","f0dfbe28fec3e32769d0c912fc84e11c","","","""2026-10-01T12:49:10.513Z""","API","gate.correct","NUMERIC","1","","Predicted 6100, confirmed 6100","{}","","invoice_confirmation","","[]","default",""
"98a5d3ba37e08b88","031ae76b8c4fd3794c2630603aa433b7","","","""2026-10-01T12:49:00.075Z""","API","gate.correct","NUMERIC","1","","Predicted 6100, confirmed 6100","{}","","invoice_confirmation","","[]","default",""
"02fe0296463ed0bb","866b1f05e4623762b1a4239521b0b8e1","","","""2026-10-01T12:48:52.858Z""","API","gate.correct","NUMERIC","1","","Predicted 6800, confirmed 6800","{}","","invoice_confirmation","","[]","default",""
"525c283f50453f68","6b3c0f8d6a00eaf9c50203d492d7745e","","","""2026-10-01T12:48:48.516Z""","API","gate.correct","NUMERIC","1","","Predicted 6500, confirmed 6500","{}","","invoice_confirmation","","[]","default",""
"1ea25908e052869f","d6062fa2ce37317816ec62cf44b14b32","","","""2026-10-01T12:48:43.260Z""","API","gate.correct","NUMERIC","1","","Predicted 6600, confirmed 6600","{}","","invoice_confirmation","","[]","default",""
"ce89c1e85a538920","1f80c3bb6aa4971f9e93f1ba5dbe3d0f","","","""2026-10-01T12:48:38.968Z""","API","gate.correct","NUMERIC","1","","Predicted 6800, confirmed 6800","{}","","invoice_confirmation","","[]","default",""
"f813731df43bcc1f","a780f323873f8498c9699f26701964a7","","","""2026-10-01T12:48:34.002Z""","API","gate.correct","NUMERIC","1","","Predicted 6500, confirmed 6500","{}","","invoice_confirmation","","[]","default",""
"9a32428417937b39","2e07795baac2c563c2ab46ffd30095d5","","","""2026-10-01T12:48:25.089Z""","API","gate.correct","NUMERIC","1","","Predicted 6700, confirmed 6700","{}","","invoice_confirmation","","[]","default",""
"8a8399cde63b90a1","9ed9c19751b85aea12c18e7211d4dd43","","","""2026-10-01T12:48:20.763Z""","API","gate.correct","NUMERIC","1","","Predicted 6500, confirmed 6500","{}","","invoice_confirmation","","[]","default",""
"b2d46e885d7d953c","b78b0fae98145d229baeb8e0130a8089","","","""2026-10-01T12:48:16.477Z""","API","gate.correct","NUMERIC","1","","Predicted 6700, confirmed 6700","{}","","invoice_confirmation","","[]","default",""
"1f5cd50af6f28ef7","4f8cca5c39d42b2ce5b68017451594c4","","","""2026-10-01T12:48:11.425Z""","API","gate.correct","NUMERIC","1","","Predicted 6100, confirmed 6100","{}","","invoice_confirmation","","[]","default",""
"0bfa5aacd9842ec0","ab9d260b2afb62ed35fcec4dbe40708e","","","""2026-10-01T12:48:00.740Z""","API","gate.correct","NUMERIC","1","","Predicted 6800, confirmed 6800","{}","","invoice_confirmation","","[]","default",""
"a916c14845585895","cc5f58038b33f8c4fbf21c8e72a38b0c","","","""2026-10-01T12:47:53.260Z""","API","gate.correct","NUMERIC","1","","Predicted 6800, confirmed 6800","{}","","invoice_confirmation","","[]","default",""
"8e916d4fe7dd0ab3","c4adf95cd1782c6996dc5213407e094b","","","""2026-10-01T12:47:49.034Z""","API","gate.correct","NUMERIC","1","","Predicted 6300, confirmed 6300","{}","","invoice_confirmation","","[]","default",""
"aa3ba3a8d626eec0","0c694d9302ff3e9cb073b7f1eff8b4be","","","""2026-10-01T12:47:44.845Z""","API","gate.correct","NUMERIC","1","","Predicted 6500, confirmed 6500","{}","","invoice_confirmation","","[]","default",""
"59dd554c7cfab00d","925ea5f3fe00415bf546a7cd431ccec4","","","""2026-10-01T12:47:40.640Z""","API","gate.correct","NUMERIC","1","","Predicted 6800, confirmed 6800","{}","","invoice_confirmation","","[]","default",""
"84b0f96935675291","24112b08687380f4c5380d9e4177f9dc","","","""2026-10-01T12:47:35.563Z""","API","gate.correct","NUMERIC","1","","Predicted 6400, confirmed 6400","{}","","invoice_confirmation","","[]","default",""
"da1995e168070e68","13e5acbd70aa6b6f1cc8f1c0d7a7088a","","","""2026-10-01T12:47:27.233Z""","API","gate.correct","NUMERIC","1","","Predicted 6100, confirmed 6100","{}","","invoice_confirmation","","[]","default",""
"ebc7cadc170c7aac","f81a5f19e46a229f80b387c2cefe350b","","","""2026-10-01T12:47:20.239Z""","API","gate.correct","NUMERIC","1","","Predicted 6200, confirmed 6200","{}","","invoice_confirmation","","[]","default",""
"fb4f2428bbc8d06f","c1eb2a8ffce97441662287ab6093c131","","","""2026-10-01T12:47:11.627Z""","API","gate.correct","NUMERIC","1","","Predicted 6100, confirmed 6100","{}","","invoice_confirmation","","[]","default",""
"359a1255967607db","f675c0b2a9fec6ffdb1efcce5dc7580c","","","""2026-10-01T12:47:05.926Z""","API","gate.correct","NUMERIC","1","","Predicted 6100, confirmed 6100","{}","","invoice_confirmation","","[]","default",""
"e724e6eda443a612","00cd868ce3a408b2ba16bc02cea3a3ad","","","""2026-10-01T12:47:00.673Z""","API","gate.correct","NUMERIC","1","","Predicted 6500, confirmed 6500","{}","","invoice_confirmation","","[]","default",""
"4d7aab7cd1782374","f1331c0fc9b210a6fefd003552fdf7bd","","","""2026-10-01T12:46:54.191Z""","API","gate.correct","NUMERIC","1","","Predicted 6800, confirmed 6800","{}","","invoice_confirmation","","[]","default",""
"1ab86785f45ee879","1ccec9930dcf1f6cb6c95c4eed57e24c","","","""2026-10-01T12:46:49.317Z""","API","gate.correct","NUMERIC","1","","Predicted 6400, confirmed 6400","{}","","invoice_confirmation","","[]","default",""
"2f818063a2bfd64d","09a8bc70a86fc1d2abee1c3a7f154423","","","""2026-10-01T12:46:43.741Z""","API","gate.correct","NUMERIC","1","","Predicted 6800, confirmed 6800","{}","","invoice_confirmation","","[]","default",""
"0694dedfd02f6291","c94b75cefee30b73901abb9cdf285b1a","","","""2026-10-01T12:44:13.779Z""","API","gate.correct","NUMERIC","1","","Predicted 6700, confirmed 6700","{}","","invoice_confirmation","","[]","default",""
"f30b56bedbe7f7d9","d99b8f3cf491da2a96f3dac9cbadec44","","","""2026-10-01T12:44:08.837Z""","API","gate.correct","NUMERIC","1","","Predicted 6700, confirmed 6700","{}","","invoice_confirmation","","[]","default",""
"ee01412156b021a6","827e483343bfd40fcc9338fa9c336cb5","","","""2026-10-01T12:43:57.918Z""","API","gate.correct","NUMERIC","1","","Predicted 6800, confirmed 6800","{}","","invoice_confirmation","","[]","default",""
"2043a23425406cf4","3e31b8283fc0921ace5176717b2c93b0","","","""2026-10-01T12:43:51.064Z""","API","gate.correct","NUMERIC","1","","Predicted 6100, confirmed 6100","{}","","invoice_confirmation","","[]","default",""
"d9ff587bed2797c9","da4b7b47ee5813d4ccd1227d72b19003","","","""2026-10-01T12:43:41.868Z""","API","gate.correct","NUMERIC","1","","Predicted 6100, confirmed 6100","{}","","invoice_confirmation","","[]","default",""
"1d199aa91c72de5b","f560c602ad78abcc782c1a842347eb09","","","""2026-10-01T12:43:37.246Z""","API","gate.correct","NUMERIC","1","","Predicted 6700, confirmed 6700","{}","","invoice_confirmation","","[]","default",""
"f7783001531ffba3","dbc510e3c5aeaf8dbaaf19a3c1a83d7f","","","""2026-10-01T12:43:30.050Z""","API","gate.correct","NUMERIC","1","","Predicted 6800, confirmed 6800","{}","","invoice_confirmation","","[]","default",""
"2baf0836f0bdc691","6ffa5b242a1fb29be2ff1e7152175655","","","""2026-10-01T12:43:15.389Z""","API","gate.correct","NUMERIC","1","","Predicted 6700, confirmed 6700","{}","","invoice_confirmation","","[]","default",""
"42fefe2afb9f0458","2495e703f185ad1d4dc6929db59484ce","","","""2026-10-01T12:43:10.589Z""","API","gate.correct","NUMERIC","1","","Predicted 6800, confirmed 6800","{}","","invoice_confirmation","","[]","default",""
"a8271afcb52e4f94","a79361dec741052fec4ce43c72ae6dad","","","""2026-10-01T12:43:04.610Z""","API","gate.correct","NUMERIC","1","","Predicted 6500, confirmed 6500","{}","","invoice_confirmation","","[]","default",""
"778f7a652be63b72","6d28169ea4cda77e94681fe7fb2cf4d2","","","""2026-10-01T12:42:59.249Z""","API","gate.correct","NUMERIC","1","","Predicted 7100, confirmed 7100","{}","","invoice_confirmation","","[]","default",""
"cbdbc31ee2891078","cd8daea634c974021cb74c069dd55ab0","","","""2026-10-01T12:42:50.009Z""","API","gate.correct","NUMERIC","1","","Predicted 6700, confirmed 6700","{}","","invoice_confirmation","","[]","default",""
"c1824d5b904f7098","aab40bcdb5928f6e2c112cdcef9df87d","","","""2026-10-01T12:42:41.421Z""","API","gate.correct","NUMERIC","1","","Predicted 7100, confirmed 7100","{}","","invoice_confirmation","","[]","default",""
"5295214d50aabd4a","d2cabaee4e1c6c8594aa6b4c1e64b01f","","","""2026-10-01T12:42:37.290Z""","API","gate.correct","NUMERIC","1","","Predicted 6700, confirmed 6700","{}","","invoice_confirmation","","[]","default",""
"3cc98e0a462da7f4","665454d253bc694c809fb52486998bc9","","","""2026-10-01T12:42:32.706Z""","API","gate.correct","NUMERIC","1","","Predicted 6500, confirmed 6500","{}","","invoice_confirmation","","[]","default",""
"c2c23c37b1c1496c","aa9cf57778785bd6a0c8b20818f6dafa","","","""2026-10-01T12:42:26.621Z""","API","gate.correct","NUMERIC","1","","Predicted 6600, confirmed 6600","{}","","invoice_confirmation","","[]","default",""
"e8e620c50f0dc0c0","bd4204fec1dc9589106b116526001ff8","","","""2026-10-01T12:42:21.485Z""","API","gate.correct","NUMERIC","1","","Predicted 6300, confirmed 6300","{}","","invoice_confirmation","","[]","default",""
"827c05292554ce55","b0a78526d2059222b6c63b1cbd040d46","","","""2026-10-01T12:42:09.394Z""","API","gate.correct","NUMERIC","1","","Predicted 6800, confirmed 6800","{}","","invoice_confirmation","","[]","default",""
"2aabbd8695be0fc9","0eb8615576ae49240fbaba1f1283346e","","","""2026-10-01T12:42:00.733Z""","API","gate.correct","NUMERIC","1","","Predicted 6200, confirmed 6200","{}","","invoice_confirmation","","[]","default",""
"649f5a51925c8d1c","b2c552fdc10b73f9cc25304d7c9f1678","","","""2026-10-01T12:41:55.892Z""","API","gate.correct","NUMERIC","1","","Predicted 6100, confirmed 6100","{}","","invoice_confirmation","","[]","default",""
"830f32d06b13e0d9","2f3cab5ad5b66c1ce16a992b45385a66","","","""2026-10-01T12:41:51.350Z""","API","gate.correct","NUMERIC","1","","Predicted 6100, confirmed 6100","{}","","invoice_confirmation","","[]","default",""
"6a14c5e38f9e5acd","696e5498bc2df142ca3b61d237e207ec","","","""2026-10-01T12:41:45.164Z""","API","gate.correct","NUMERIC","1","","Predicted 6300, confirmed 6300","{}","","invoice_confirmation","","[]","default",""
"c3590c9efed27d09","57ee893c6c02431e5bc0f554c4493add","","","""2026-10-01T12:41:40.806Z""","API","gate.correct","NUMERIC","1","","Predicted 6500, confirmed 6500","{}","","invoice_confirmation","","[]","default",""
"8dac11ff734736f5","8c16a801f994ffedc80d8873c89d499b","","","""2026-10-01T12:41:36.652Z""","API","gate.correct","NUMERIC","1","","Predicted 6800, confirmed 6800","{}","","invoice_confirmation","","[]","default",""
"8ab9e2961c3eb63a","8bc7099be9e1db0d6e7fb66c28d1da20","","","""2026-10-01T12:41:32.447Z""","API","gate.correct","NUMERIC","1","","Predicted 6500, confirmed 6500","{}","","invoice_confirmation","","[]","default",""
"5987abe06eb37a6f","c145fe80ee589f0f85da9fa9f6421123","","","""2026-10-01T12:41:27.081Z""","API","gate.correct","NUMERIC","1","","Predicted 6400, confirmed 6400","{}","","invoice_confirmation","","[]","default",""
"f94218ebbe9efe8d","6d76524531d73e1caa13bcd3bf4b40ac","","","""2026-10-01T12:41:21.949Z""","API","gate.correct","NUMERIC","1","","Predicted 6800, confirmed 6800","{}","","invoice_confirmation","","[]","default",""
"c548cc3f662eeccc","6043c26c7c9b4824e3025716ab55ce73","","","""2026-10-01T12:41:14.366Z""","API","gate.correct","NUMERIC","1","","Predicted 6100, confirmed 6100","{}","","invoice_confirmation","","[]","default",""
"e424ebe1277d9c1f","1f67c9d38cb4cb9acfa9165c9b80fb38","","","""2026-10-01T12:41:10.195Z""","API","gate.correct","NUMERIC","1","","Predicted 6500, confirmed 6500","{}","","invoice_confirmation","","[]","default",""
"637841e9d45511be","261351942fed54ab697fdcae2e867977","","","""2026-10-01T12:41:05.408Z""","API","gate.correct","NUMERIC","1","","Predicted 6500, confirmed 6500","{}","","invoice_confirmation","","[]","default",""
"cee61b48f895cd49","a4bb3b969d56e93d411756e8775be168","","","""2026-10-01T12:40:59.157Z""","API","gate.correct","NUMERIC","1","","Predicted 6500, confirmed 6500","{}","","invoice_confirmation","","[]","default",""
"f5a8b3d99c8e38d5","87068f7fc2fd0dadfcb85186926a651a","","","""2026-10-01T12:40:52.334Z""","API","gate.correct","NUMERIC","1","","Predicted 6800, confirmed 6800","{}","","invoice_confirmation","","[]","default",""
"93c39a9d6dbe4aab","f3d6d8da869e3babec57b0bc57602a98","","","""2026-10-01T12:40:45.822Z""","API","gate.correct","NUMERIC","1","","Predicted 6700, confirmed 6700","{}","","invoice_confirmation","","[]","default",""
"407a69899395a229","f9cffff8ee11849189069787f7dcaf39","","","""2026-10-01T12:40:40.047Z""","API","gate.correct","NUMERIC","1","","Predicted 6600, confirmed 6600","{}","","invoice_confirmation","","[]","default",""
"58615f54cdcef2a5","cf581c76666e7cafe2f57dabaa903780","","","""2026-10-01T12:40:34.701Z""","API","gate.correct","NUMERIC","1","","Predicted 6800, confirmed 6800","{}","","invoice_confirmation","","[]","default",""
"b1c166f5deb3519c","14c5e9a6eb6f7d4489482ba5ffbe5f7c","","","""2026-10-01T12:40:29.136Z""","API","gate.correct","NUMERIC","1","","Predicted 6800, confirmed 6800","{}","","invoice_confirmation","","[]","default",""
"539878018745d7a2","0b4e8475839523f8fa81d61727d78146","","","""2026-10-01T12:40:24.850Z""","API","gate.correct","NUMERIC","1","","Predicted 6300, confirmed 6300","{}","","invoice_confirmation","","[]","default",""
"37d7b1ecb4ee8a02","9fab2ac3c65da5da13dfbaeaa9600080","","","""2026-10-01T12:40:19.723Z""","API","gate.correct","NUMERIC","1","","Predicted 6200, confirmed 6200","{}","","invoice_confirmation","","[]","default",""
"ad5144d42f359330","927416c577f065e138aafbccfcf459f7","","","""2026-10-01T12:40:14.941Z""","API","gate.correct","NUMERIC","1","","Predicted 6300, confirmed 6300","{}","","invoice_confirmation","","[]","default",""
"e760ba4935d0c4dc","8e521d40b55340b525daf32ce4e50c86","","","""2026-10-01T12:40:08.356Z""","API","gate.correct","NUMERIC","1","","Predicted 6800, confirmed 6800","{}","","invoice_confirmation","","[]","default",""
"115bc708d6e2b877","7417b7bc2de4d607256749bcb7eb2369","","","""2026-10-01T12:39:59.278Z""","API","gate.correct","NUMERIC","1","","Predicted 6300, confirmed 6300","{}","","invoice_confirmation","","[]","default",""
"a4edaca9846f9f32","9ab978ebd0bf4e68f287fd55d287cc92","","","""2026-10-01T12:39:54.008Z""","API","gate.correct","NUMERIC","1","","Predicted 6800, confirmed 6800","{}","","invoice_confirmation","","[]","default",""
"130d1947f70b4cf3","c204db9bbd462b8201955f3f92af19c4","","","""2026-10-01T12:39:48.506Z""","API","gate.correct","NUMERIC","1","","Predicted 6500, confirmed 6500","{}","","invoice_confirmation","","[]","default",""
"9dc3630a54e92bd0","da241983cdecfd73c98e2decb99b2166","","","""2026-10-01T12:39:43.014Z""","API","gate.correct","NUMERIC","1","","Predicted 6100, confirmed 6100","{}","","invoice_confirmation","","[]","default",""
"0f648d368451aa82","5f87e5ceee849bddbc52abb4f46f6299","","","""2026-10-01T12:39:38.674Z""","API","gate.correct","NUMERIC","1","","Predicted 6500, confirmed 6500","{}","","invoice_confirmation","","[]","default",""
"92bec46017abfd0f","017c16db7772301c317a3a885a12d007","","","""2026-10-01T12:39:34.441Z""","API","gate.correct","NUMERIC","1","","Predicted 6800, confirmed 6800","{}","","invoice_confirmation","","[]","default",""
"05f133c7542caeae","aafcd5672c1f56a70367e3e7e48400fb","","","""2026-10-01T12:39:29.068Z""","API","gate.correct","NUMERIC","1","","Predicted 6100, confirmed 6100","{}","","invoice_confirmation","","[]","default",""
"f389637909c4e7ea","7f1209febd99a46c9948993bcbd38709","","","""2026-10-01T12:39:23.844Z""","API","gate.correct","NUMERIC","1","","Predicted 6300, confirmed 6300","{}","","invoice_confirmation","","[]","default",""
"4062396e8109abe3","5bc02268d8a042d487b02592a6be35b0","","","""2026-10-01T12:39:18.146Z""","API","gate.correct","NUMERIC","1","","Predicted 6400, confirmed 6400","{}","","invoice_confirmation","","[]","default",""
"c3470935dc2fd0ad","785ac76261390b53f49f6fa04f811739","","","""2026-10-01T12:39:13.185Z""","API","gate.correct","NUMERIC","1","","Predicted 6500, confirmed 6500","{}","","invoice_confirmation","","[]","default",""
"4aaea2065b4be22e","00180fd8bad9670967436a84cf69ddf0","","","""2026-10-01T12:39:07.357Z""","API","gate.correct","NUMERIC","1","","Predicted 6800, confirmed 6800","{}","","invoice_confirmation","","[]","default",""
"e7491c4fcb941864","b3f3bf875fb693af0f2c4fa102133736","","","""2026-10-01T12:39:02.485Z""","API","gate.correct","NUMERIC","1","","Predicted 6100, confirmed 6100","{}","","invoice_confirmation","","[]","default",""
"f94c43a56392dafa","a33edb51b636c96160c7c0092e549273","","","""2026-10-01T12:38:55.071Z""","API","gate.correct","NUMERIC","1","","Predicted 6500, confirmed 6500","{}","","invoice_confirmation","","[]","default",""
"ec89915ccace0dde","7b02705bf406c7c074237c1119b5c3cd","","","""2026-10-01T12:38:49.187Z""","API","gate.correct","NUMERIC","1","","Predicted 6500, confirmed 6500","{}","","invoice_confirmation","","[]","default",""
"abe95d7e16c7d185","96539cbca8e0c4e54fd053653c52bf74","","","""2026-10-01T12:38:44.915Z""","API","gate.correct","NUMERIC","1","","Predicted 7100, confirmed 7100","{}","","invoice_confirmation","","[]","default",""
"88e5f62178341ee3","071832e8e2267fb104dabea436c8fe56","","","""2026-10-01T12:38:40.331Z""","API","gate.correct","NUMERIC","1","","Predicted 6500, confirmed 6500","{}","","invoice_confirmation","","[]","default",""
"cc375c023fb3196e","5f316a03a6022f4b3aa98247013b721b","","","""2026-10-01T12:38:34.048Z""","API","gate.correct","NUMERIC","1","","Predicted 6500, confirmed 6500","{}","","invoice_confirmation","","[]","default",""
"5a046cdf4cedef48","0d3cb5524a17110b10c05d37fdf9ab91","","","""2026-10-01T12:38:27.329Z""","API","gate.correct","NUMERIC","1","","Predicted 6500, confirmed 6500","{}","","invoice_confirmation","","[]","default",""
"03f24ab1a1ae8677","b36780f81264deb94422d0a2e620c3ea","","","""2026-10-01T12:38:21.362Z""","API","gate.correct","NUMERIC","1","","Predicted 6100, confirmed 6100","{}","","invoice_confirmation","","[]","default",""
"47dfcab540e67dce","9535b7bc5af55c63d70033f46192e260","","","""2026-10-01T12:38:16.920Z""","API","gate.correct","NUMERIC","1","","Predicted 6600, confirmed 6600","{}","","invoice_confirmation","","[]","default",""
"10264a47b08101a9","af6ee9e080152a85586fdc52c16105a8","","","""2026-10-01T12:38:10.609Z""","API","gate.correct","NUMERIC","1","","Predicted 6700, confirmed 6700","{}","","invoice_confirmation","","[]","default",""
"c3f07849ccade314","8622c9419187482eedeb371ee1ffd7d6","","","""2026-10-01T12:38:05.391Z""","API","gate.correct","NUMERIC","1","","Predicted 6200, confirmed 6200","{}","","invoice_confirmation","","[]","default",""
"fd4465d4aa9fd841","a29911c83ebe3d948808b733b994d410","","","""2026-10-01T12:38:01.072Z""","API","gate.correct","NUMERIC","1","","Predicted 6200, confirmed 6200","{}","","invoice_confirmation","","[]","default",""
"2c4ab375f9f32350","8159cedfbdfb24424240b2d0a303bd04","","","""2026-10-01T12:37:55.799Z""","API","gate.correct","NUMERIC","1","","Predicted 6300, confirmed 6300","{}","","invoice_confirmation","","[]","default",""
"5a1911e9de36d651","a41132ddd855b9fcab3668493ade5746","","","""2026-10-01T12:37:51.011Z""","API","gate.correct","NUMERIC","1","","Predicted 7100, confirmed 7100","{}","","invoice_confirmation","","[]","default",""
"052057b10111d6df","4d233c7b98a640311e0b95880adaf41a","","","""2026-10-01T12:37:43.771Z""","API","gate.correct","NUMERIC","1","","Predicted 6100, confirmed 6100","{}","","invoice_confirmation","","[]","default",""
"80ffff3d10a42695","4555641afa61f42fe4016e39a93024d5","","","""2026-10-01T12:37:37.414Z""","API","gate.correct","NUMERIC","1","","Predicted 7100, confirmed 7100","{}","","invoice_confirmation","","[]","default",""
"3d776b8dcf812be0","8b65e8d0b1dda05b2d4a4b06fc5cf427","","","""2026-10-01T12:37:32.350Z""","API","gate.correct","NUMERIC","1","","Predicted 6300, confirmed 6300","{}","","invoice_confirmation","","[]","default",""
"0631411c5206ea33","fc215b2f306e92c704ab2fa7786bae11","","","""2026-10-01T12:37:25.264Z""","API","gate.correct","NUMERIC","1","","Predicted 6700, confirmed 6700","{}","","invoice_confirmation","","[]","default",""
"3381b00ae3f5b865","90eb80715d92e00b30d66dfb2518411c","","","""2026-10-01T12:37:17.783Z""","API","gate.correct","NUMERIC","1","","Predicted 6700, confirmed 6700","{}","","invoice_confirmation","","[]","default",""
"fee0b691f42484ab","56598257ca787a83a75193c5dbdaa294","","","""2026-10-01T12:37:13.568Z""","API","gate.correct","NUMERIC","1","","Predicted 6400, confirmed 6400","{}","","invoice_confirmation","","[]","default",""
"fcc4ef5662b79ca8","9ebc297b00cdc0c04175192a5a9ba2af","","","""2026-10-01T12:37:09.400Z""","API","gate.correct","NUMERIC","1","","Predicted 6500, confirmed 6500","{}","","invoice_confirmation","","[]","default",""
"fc5542cc4cfcf1e9","3dad9048a37b2252690e8df302cacc8b","","","""2026-10-01T12:37:03.932Z""","API","gate.correct","NUMERIC","1","","Predicted 6700, confirmed 6700","{}","","invoice_confirmation","","[]","default",""
"a3a84b42dc1199f4","2ab4320e161c2a0056b68b4057bd81bb","","","""2026-10-01T12:36:58.552Z""","API","gate.correct","NUMERIC","1","","Predicted 6200, confirmed 6200","{}","","invoice_confirmation","","[]","default",""
"3dad5597428b95d0","1b5e782a31addc892d58b16dea77fa50","","","""2026-10-01T12:36:54.095Z""","API","gate.correct","NUMERIC","1","","Predicted 6200, confirmed 6200","{}","","invoice_confirmation","","[]","default",""
"47091f830baaf063","82003847fee9c87fc177b9011dcc98fb","","","""2026-10-01T12:36:49.998Z""","API","gate.correct","NUMERIC","1","","Predicted 6400, confirmed 6400","{}","","invoice_confirmation","","[]","default",""
"1ae6272007888852","2e57328f4aeb2b4e9b80f852b65675fa","","","""2026-10-01T12:36:45.841Z""","API","gate.correct","NUMERIC","1","","Predicted 6300, confirmed 6300","{}","","invoice_confirmation","","[]","default",""
"86627b61f4c194f2","1a567932065d2b3504bdfdb72de1e151","","","""2026-10-01T12:36:40.780Z""","API","gate.correct","NUMERIC","1","","Predicted 6600, confirmed 6600","{}","","invoice_confirmation","","[]","default",""
"fc8e8ebc8355e275","c625e01743e32980d99a039c9cf48ed0","","","""2026-10-01T12:36:34.683Z""","API","gate.correct","NUMERIC","1","","Predicted 6700, confirmed 6700","{}","","invoice_confirmation","","[]","default",""
"877e3f6da1c0bf60","c7b63381d46fdca3539212511403f1f3","","","""2026-10-01T12:36:28.498Z""","API","gate.correct","NUMERIC","1","","Predicted 6600, confirmed 6600","{}","","invoice_confirmation","","[]","default",""
"eaf199a2550980b2","ddc460d75f57918b1dc95885f1cfd3dd","","","""2026-10-01T12:36:24.238Z""","API","gate.correct","NUMERIC","1","","Predicted 6600, confirmed 6600","{}","","invoice_confirmation","","[]","default",""
"7c141d09e98f83f6","800229a54a3d0685c432c6824c7766b5","","","""2026-10-01T12:36:20.198Z""","API","gate.correct","NUMERIC","1","","Predicted 6500, confirmed 6500","{}","","invoice_confirmation","","[]","default",""
"88bf9598ca849b62","9c31911ddde23b87817277818464303c","","","""2026-10-01T12:36:15.964Z""","API","gate.correct","NUMERIC","1","","Predicted 6600, confirmed 6600","{}","","invoice_confirmation","","[]","default",""
"accaee6fe65c5256","a7629b9396335ca3961acc7a0ff183a2","","","""2026-10-01T12:36:10.575Z""","API","gate.correct","NUMERIC","1","","Predicted 6100, confirmed 6100","{}","","invoice_confirmation","","[]","default",""
"9f8e344524fdadee","b3992f0346d502d7b8761734d5b86612","","","""2026-10-01T12:36:05.109Z""","API","gate.correct","NUMERIC","1","","Predicted 6500, confirmed 6500","{}","","invoice_confirmation","","[]","default",""
"9bc5addba2889cf8","049d92942d31bd22170acad9832d89f3","","","""2026-10-01T12:36:00.869Z""","API","gate.correct","NUMERIC","1","","Predicted 6400, confirmed 6400","{}","","invoice_confirmation","","[]","default",""
"16c88f481b0f0916","fff235938dacded4e74a920c639c8497","","","""2026-10-01T12:35:56.289Z""","API","gate.correct","NUMERIC","1","","Predicted 6700, confirmed 6700","{}","","invoice_confirmation","","[]","default",""
"6ce044e408505baf","da0b5736686494a545fc859a92b8482d","","","""2026-10-01T12:35:49.017Z""","API","gate.correct","NUMERIC","1","","Predicted 6700, confirmed 6700","{}","","invoice_confirmation","","[]","default",""
"2f8d480cf8ef9fe3","2f723d2dff786bc6f48d16b7e1b741ad","","","""2026-10-01T12:35:43.839Z""","API","gate.correct","NUMERIC","1","","Predicted 6600, confirmed 6600","{}","","invoice_confirmation","","[]","default",""
"6da3ae4ce5835ef4","e08d0b741ad964fb3d5deea867b57271","","","""2026-10-01T12:35:38.232Z""","API","gate.correct","NUMERIC","1","","Predicted 7100, confirmed 7100","{}","","invoice_confirmation","","[]","default",""
"539a9067e0d29784","c928058720befaca202805395720fca3","","","""2026-10-01T12:35:34.020Z""","API","gate.correct","NUMERIC","1","","Predicted 6700, confirmed 6700","{}","","invoice_confirmation","","[]","default",""
"4d21c2879a4faf46","f6fc1f52d6f261738c8143f869d863c0","","","""2026-10-01T12:35:29.869Z""","API","gate.correct","NUMERIC","1","","Predicted 6400, confirmed 6400","{}","","invoice_confirmation","","[]","default",""
"84109ad3c7099a25","e7aa997bdb5400e9dfa18b0bb9ad848a","","","""2026-10-01T12:35:24.968Z""","API","gate.correct","NUMERIC","1","","Predicted 6100, confirmed 6100","{}","","invoice_confirmation","","[]","default",""
"1a6fe1d394fc5f7f","8f482389874a72025c1f1f8afc552495","","","""2026-10-01T12:35:19.099Z""","API","gate.correct","NUMERIC","1","","Predicted 6500, confirmed 6500","{}","","invoice_confirmation","","[]","default",""
"8e47b70ca61a33f0","e4b5fcbe39e11002ee10744282209a75","","","""2026-10-01T12:35:14.967Z""","API","gate.correct","NUMERIC","1","","Predicted 6800, confirmed 6800","{}","","invoice_confirmation","","[]","default",""
"24f4d84c674772ce","d803eeb3ef5f8f1d2b0a0050da4cc6c8","","","""2026-10-01T12:35:09.729Z""","API","gate.correct","NUMERIC","1","","Predicted 6400, confirmed 6400","{}","","invoice_confirmation","","[]","default",""
"7a2bd04525d7ad3a","445a776353e3ae49f584f6c752fe12c6","","","""2026-10-01T12:35:05.401Z""","API","gate.correct","NUMERIC","1","","Predicted 6300, confirmed 6300","{}","","invoice_confirmation","","[]","default",""
"cc2abb9567810049","998d8bd8964bcfe92d0c368a91cbe2dc","","","""2026-10-01T12:35:00.680Z""","API","gate.correct","NUMERIC","1","","Predicted 6100, confirmed 6100","{}","","invoice_confirmation","","[]","default",""
"9b501023f096d444","e50b60e8e00acf2b76de3c7ad802fac3","","","""2026-10-01T12:34:53.800Z""","API","gate.correct","NUMERIC","1","","Predicted 6400, confirmed 6400","{}","","invoice_confirmation","","[]","default",""
"0df3c221417c6d43","7a0ecf8225f02365c2f0244a79767c29","","","""2026-10-01T12:34:46.677Z""","API","gate.correct","NUMERIC","1","","Predicted 6400, confirmed 6400","{}","","invoice_confirmation","","[]","default",""
"7da76215d5da1ae7","1f31bc3f38f8b76c67dd2eaef5f033e8","","","""2026-10-01T12:34:39.823Z""","API","gate.correct","NUMERIC","1","","Predicted 6500, confirmed 6500","{}","","invoice_confirmation","","[]","default",""
"b946aaab3eca85ac","e0ec97be379e3188abe1a7fab01e2df7","","","""2026-10-01T12:34:34.008Z""","API","gate.correct","NUMERIC","1","","Predicted 6600, confirmed 6600","{}","","invoice_confirmation","","[]","default",""
"ebf359e447642198","d62a7b274958dca1505b02d1bcf6667f","","","""2026-10-01T12:34:29.525Z""","API","gate.correct","NUMERIC","1","","Predicted 6800, confirmed 6800","{}","","invoice_confirmation","","[]","default",""
"94c8f3fc3bc5bfda","342ade0acf5edd9b5efb3da295ff425b","","","""2026-10-01T12:34:23.398Z""","API","gate.correct","NUMERIC","1","","Predicted 6200, confirmed 6200","{}","","invoice_confirmation","","[]","default",""
"13d9c7aa0d4fe0ea","8e440c0e57e04e9c4ec37b85289c4ca3","","","""2026-10-01T12:34:19.383Z""","API","gate.correct","NUMERIC","1","","Predicted 6400, confirmed 6400","{}","","invoice_confirmation","","[]","default",""
"7271059bd683c564","5daa23091c1508c5c35c7514a058d096","","","""2026-10-01T12:34:14.811Z""","API","gate.correct","NUMERIC","1","","Predicted 6500, confirmed 6500","{}","","invoice_confirmation","","[]","default",""
"b2219b8dee585b8e","f88ff1c728804af58eb991842a0a20d0","","","""2026-10-01T12:34:03.275Z""","API","gate.correct","NUMERIC","1","","Predicted 6200, confirmed 6200","{}","","invoice_confirmation","","[]","default",""
"fb9603364b50b48b","6c2bb362642556a0b0d5e20474cd2338","","","""2026-10-01T12:33:57.829Z""","API","gate.correct","NUMERIC","1","","Predicted 7100, confirmed 7100","{}","","invoice_confirmation","","[]","default",""
"e387b8fdfeb75220","a114b4878e3b6399cf43b2d83983efbb","","","""2026-10-01T12:33:53.168Z""","API","gate.correct","NUMERIC","1","","Predicted 6700, confirmed 6700","{}","","invoice_confirmation","","[]","default",""
"3e5edb6a5ba851db","46306e9198576cbed3b39c678e403db6","","","""2026-10-01T12:33:48.239Z""","API","gate.correct","NUMERIC","1","","Predicted 6300, confirmed 6300","{}","","invoice_confirmation","","[]","default",""
"7fa5d5466d83bfd3","dd33a25b803e60129d820840c241728a","","","""2026-10-01T12:33:41.618Z""","API","gate.correct","NUMERIC","1","","Predicted 7100, confirmed 7100","{}","","invoice_confirmation","","[]","default",""
"4026457726732b5a","e6bba2e2f1d08edbba9ef43b423f609b","","","""2026-10-01T12:33:33.979Z""","API","gate.correct","NUMERIC","1","","Predicted 6500, confirmed 6500","{}","","invoice_confirmation","","[]","default",""
"79fe7d6292a1d020","0d6f86a92e9b531c3c2bf386dce6cef6","","","""2026-10-01T12:33:29.194Z""","API","gate.correct","NUMERIC","1","","Predicted 6400, confirmed 6400","{}","","invoice_confirmation","","[]","default",""
"c8890799eeea8a03","96c8235d92d19685f68bf9c5f1b22fdb","","","""2026-10-01T12:33:22.401Z""","API","gate.correct","NUMERIC","1","","Predicted 6100, confirmed 6100","{}","","invoice_confirmation","","[]","default",""
"2fb825314b6d5ad8","66b93e0ac0f8eaf6a786e096d0e81f60","","","""2026-10-01T12:33:17.783Z""","API","gate.correct","NUMERIC","1","","Predicted 6500, confirmed 6500","{}","","invoice_confirmation","","[]","default",""
"4e4594f103006329","5b22b74f7b03b314e60071c9cb14f2a4","","","""2026-10-01T12:33:13.112Z""","API","gate.correct","NUMERIC","1","","Predicted 6500, confirmed 6500","{}","","invoice_confirmation","","[]","default",""
"b6f7ce7e239992ae","bd4fcbdf77efe8bea1c9b1bad062ab5f","","","""2026-10-01T12:33:07.263Z""","API","gate.correct","NUMERIC","1","","Predicted 6500, confirmed 6500","{}","","invoice_confirmation","","[]","default",""
"deafb8d665eb771a","42d65ea455a8acd9b4d79f7e1f5495e7","","","""2026-10-01T12:33:01.781Z""","API","gate.correct","NUMERIC","1","","Predicted 6400, confirmed 6400","{}","","invoice_confirmation","","[]","default",""
"23b78c321fa136fe","ab855ce6c41e1cc5b03599bad175a317","","","""2026-10-01T12:32:56.059Z""","API","gate.correct","NUMERIC","1","","Predicted 6500, confirmed 6500","{}","","invoice_confirmation","","[]","default",""
"7ada03b9018bc759","9f83452fdad9feff0261f63ede27e6a1","","","""2026-10-01T12:32:49.360Z""","API","gate.correct","NUMERIC","1","","Predicted 7100, confirmed 7100","{}","","invoice_confirmation","","[]","default",""
"e6d817887573cd62","dc648669d2032c1b71b1a2c267b6e90a","","","""2026-10-01T12:32:43.691Z""","API","gate.correct","NUMERIC","1","","Predicted 6200, confirmed 6200","{}","","invoice_confirmation","","[]","default",""
"24d745e5069d128c","fa659d4b23866c79ddccfd862eed8685","","","""2026-10-01T12:27:20.027Z""","API","gate.correct","NUMERIC","1","","Predicted 6700, confirmed 6700","{}","","invoice_confirmation","","[]","default",""
"af88de871bc50cd0","8328b5710b24fdc1bd8eb4473d7d744a","","","""2026-10-01T12:27:14.263Z""","API","gate.correct","NUMERIC","1","","Predicted 6700, confirmed 6700","{}","","invoice_confirmation","","[]","default",""
"e8964daca6218390","89bd2c92ca4eed7bbc12c59dd6e39ce5","","","""2026-10-01T12:27:04.210Z""","API","gate.correct","NUMERIC","1","","Predicted 6800, confirmed 6800","{}","","invoice_confirmation","","[]","default",""
"83a7940021dea5a3","061fff9b22ae896e9a79a6123aa5f64c","","","""2026-10-01T12:26:57.432Z""","API","gate.correct","NUMERIC","1","","Predicted 6100, confirmed 6100","{}","","invoice_confirmation","","[]","default",""
"7ccebe0c34a0d3f1","bbb0eb02c3f5cc93184593d07e710da3","","","""2026-10-01T12:26:49.623Z""","API","gate.correct","NUMERIC","1","","Predicted 6100, confirmed 6100","{}","","invoice_confirmation","","[]","default",""
"95b666b474bb2592","d3234ac97c6ff870794e692e0b82ebf9","","","""2026-10-01T12:26:45.004Z""","API","gate.correct","NUMERIC","1","","Predicted 6700, confirmed 6700","{}","","invoice_confirmation","","[]","default",""
"17c36bf44d0ff358","d7f90d46f590ff43e142d0920b750024","","","""2026-10-01T12:26:38.189Z""","API","gate.correct","NUMERIC","1","","Predicted 6800, confirmed 6800","{}","","invoice_confirmation","","[]","default",""
"c74b902b221ad561","698f98a3eaaad60650bbf653fe378456","","","""2026-10-01T12:26:28.473Z""","API","gate.correct","NUMERIC","1","","Predicted 6700, confirmed 6700","{}","","invoice_confirmation","","[]","default",""
"7480f3cb5615a046","e16550a9da330bb1bf65c28c6b87db53","","","""2026-10-01T12:26:23.813Z""","API","gate.correct","NUMERIC","1","","Predicted 6800, confirmed 6800","{}","","invoice_confirmation","","[]","default",""
"c02e9dab8562cbfd","a676dfadcd851ed9312525fc45dec503","","","""2026-10-01T12:26:17.061Z""","API","gate.correct","NUMERIC","1","","Predicted 6500, confirmed 6500","{}","","invoice_confirmation","","[]","default",""
"a7ef716ece0a03f8","a8a055f784746b4777b34dcd929a043b","","","""2026-10-01T12:26:11.532Z""","API","gate.correct","NUMERIC","1","","Predicted 7100, confirmed 7100","{}","","invoice_confirmation","","[]","default",""
"be6acfac70b32e2d","0ea6881daee4ecefa0c7906cb4b9795e","","","""2026-10-01T12:26:00.961Z""","API","gate.correct","NUMERIC","1","","Predicted 6700, confirmed 6700","{}","","invoice_confirmation","","[]","default",""
"e0867cc342dc938e","65e41aec239d59c949c0e4fda759bcea","","","""2026-10-01T12:25:53.418Z""","API","gate.correct","NUMERIC","1","","Predicted 7100, confirmed 7100","{}","","invoice_confirmation","","[]","default",""
"997df518b074d32b","737e9db892976978ceca8f016cdc3781","","","""2026-10-01T12:25:47.974Z""","API","gate.correct","NUMERIC","1","","Predicted 6700, confirmed 6700","{}","","invoice_confirmation","","[]","default",""
"4765c301158354af","d9b054fb3467f53bfdd005f86683a8c0","","","""2026-10-01T12:25:43.105Z""","API","gate.correct","NUMERIC","1","","Predicted 6500, confirmed 6500","{}","","invoice_confirmation","","[]","default",""
"2f9754f25f6d1320","7bdc742afb655253a8c5ba9e889c3656","","","""2026-10-01T12:25:37.152Z""","API","gate.correct","NUMERIC","1","","Predicted 6600, confirmed 6600","{}","","invoice_confirmation","","[]","default",""
"19b7714408d3b491","18ea2f69f4f8bdeb8a4c9c65fe333a0f","","","""2026-10-01T12:25:32.078Z""","API","gate.correct","NUMERIC","1","","Predicted 6300, confirmed 6300","{}","","invoice_confirmation","","[]","default",""
"90890c338ea0d374","f5e37935a6560aae8fb6876512d9aba1","","","""2026-10-01T12:25:19.797Z""","API","gate.correct","NUMERIC","1","","Predicted 6800, confirmed 6800","{}","","invoice_confirmation","","[]","default",""
"dbecf1dbfbc760d9","6c8768f978e15bb0b474c398167b552a","","","""2026-10-01T12:25:11.435Z""","API","gate.correct","NUMERIC","1","","Predicted 6200, confirmed 6200","{}","","invoice_confirmation","","[]","default",""
"83d71b3828f6e344","6eddef1474ed16c9e5854ed46e7b7c73","","","""2026-10-01T12:25:04.317Z""","API","gate.correct","NUMERIC","1","","Predicted 6100, confirmed 6100","{}","","invoice_confirmation","","[]","default",""
"f016a7ff95c5123a","5c7c13cc50fafe32afdf8f6126ae3333","","","""2026-10-01T12:24:58.874Z""","API","gate.correct","NUMERIC","1","","Predicted 6300, confirmed 6300","{}","","invoice_confirmation","","[]","default",""
"cc5736d89fa1ccaa","1b320d6b7378bcc53b0433a04854d86d","","","""2026-10-01T12:24:54.599Z""","API","gate.correct","NUMERIC","1","","Predicted 6500, confirmed 6500","{}","","invoice_confirmation","","[]","default",""
"c8aa85af850e41cf","8432bf6f5e665a6b3e4a054f9d27ec03","","","""2026-10-01T12:24:50.426Z""","API","gate.correct","NUMERIC","1","","Predicted 6800, confirmed 6800","{}","","invoice_confirmation","","[]","default",""
"c602773adc4c3d94","618c1ecafbd745b2fa0a478175f04985","","","""2026-10-01T12:24:45.681Z""","API","gate.correct","NUMERIC","1","","Predicted 6500, confirmed 6500","{}","","invoice_confirmation","","[]","default",""
"b9f6d74563f46781","e72c872404364c739b71fb75a554d1b7","","","""2026-10-01T12:24:36.658Z""","API","gate.correct","NUMERIC","1","","Predicted 6400, confirmed 6400","{}","","invoice_confirmation","","[]","default",""
"166a341f9a3f1bf3","6fa8d1b0ff2a7f7884e3964f3d60501b","","","""2026-10-01T12:24:31.332Z""","API","gate.correct","NUMERIC","1","","Predicted 6800, confirmed 6800","{}","","invoice_confirmation","","[]","default",""
"f4dcbd82bdcdfdfe","49ad733763fd0c3af58ea596ab71788c","","","""2026-10-01T12:24:26.201Z""","API","gate.correct","NUMERIC","1","","Predicted 6800, confirmed 6800","{}","","invoice_confirmation","","[]","default",""
"07f9b5143fc89ce0","d9edec99d50c60106a15f85b206d7e3f","","","""2026-10-01T12:24:19.575Z""","API","gate.correct","NUMERIC","1","","Predicted 6100, confirmed 6100","{}","","invoice_confirmation","","[]","default",""
"7349338a026b7bc2","2b11b38a90d6aea04e850392b1d3c46e","","","""2026-10-01T12:24:14.742Z""","API","gate.correct","NUMERIC","1","","Predicted 6500, confirmed 6500","{}","","invoice_confirmation","","[]","default",""
"1f487ed7daabc2b1","d565a58c8ff63ea7ad8fe06f0c5f1e84","","","""2026-10-01T12:24:09.976Z""","API","gate.correct","NUMERIC","1","","Predicted 6500, confirmed 6500","{}","","invoice_confirmation","","[]","default",""
"1e7c29e8ded9a232","5d68a7eab824150dbe9508e12b3c8f1f","","","""2026-10-01T12:24:03.810Z""","API","gate.correct","NUMERIC","1","","Predicted 6500, confirmed 6500","{}","","invoice_confirmation","","[]","default",""
"d761d14818af52b1","1187da7f5d7a3bc8153aef11776aad12","","","""2026-10-01T12:23:53.998Z""","API","gate.correct","NUMERIC","1","","Predicted 6700, confirmed 6700","{}","","invoice_confirmation","","[]","default",""
"b2d617793b787ca7","27e878692864c314fd989d9d7b7a7400","","","""2026-10-01T12:23:48.185Z""","API","gate.correct","NUMERIC","1","","Predicted 6600, confirmed 6600","{}","","invoice_confirmation","","[]","default",""
"fdb28679324d96aa","dc581b8d4c390e33dc5fadd1d79f4bf2","","","""2026-10-01T12:23:43.909Z""","API","gate.correct","NUMERIC","1","","Predicted 6800, confirmed 6800","{}","","invoice_confirmation","","[]","default",""
"c5f8a55a6ae2c796","a8f382e1d8e32b5dfd41ba7d0ba03308","","","""2026-10-01T12:23:39.672Z""","API","gate.correct","NUMERIC","1","","Predicted 6800, confirmed 6800","{}","","invoice_confirmation","","[]","default",""
"a9b69c8ea557a369","c54364f3eddb74ebf1ba11c34d075acd","","","""2026-10-01T12:23:34.145Z""","API","gate.correct","NUMERIC","1","","Predicted 6300, confirmed 6300","{}","","invoice_confirmation","","[]","default",""
"f9b14f1088fb4dcc","528dc5cb19ff34984e59a4fb276f8142","","","""2026-10-01T12:23:29.787Z""","API","gate.correct","NUMERIC","1","","Predicted 6200, confirmed 6200","{}","","invoice_confirmation","","[]","default",""
"130953d07d3f9254","2a859492b7e86200640b8d6cd47691cb","","","""2026-10-01T12:23:24.906Z""","API","gate.correct","NUMERIC","1","","Predicted 6300, confirmed 6300","{}","","invoice_confirmation","","[]","default",""
"cef2c92d9ac22af7","f4f132c7bb0fbfc403e9aec22e7eb03b","","","""2026-10-01T12:23:17.886Z""","API","gate.correct","NUMERIC","1","","Predicted 6800, confirmed 6800","{}","","invoice_confirmation","","[]","default",""
"e21f9fe3539e45aa","8b5044f42502b5876751131cbf459351","","","""2026-10-01T12:23:08.657Z""","API","gate.correct","NUMERIC","1","","Predicted 6300, confirmed 6300","{}","","invoice_confirmation","","[]","default",""
"f89d18f7aa1a64b5","2ef5fd7973eeef6f8806eff2b607f752","","","""2026-10-01T12:23:03.194Z""","API","gate.correct","NUMERIC","1","","Predicted 6800, confirmed 6800","{}","","invoice_confirmation","","[]","default",""
"5f9bb7bc7b06ef21","a3d1951c4f0fd2f2902693e35a4d13ec","","","""2026-10-01T12:22:58.251Z""","API","gate.correct","NUMERIC","1","","Predicted 6500, confirmed 6500","{}","","invoice_confirmation","","[]","default",""
"d0046e2fe2da2019","7a5031bff0e8e3c967a3dae9e6e449dd","","","""2026-10-01T12:22:52.259Z""","API","gate.correct","NUMERIC","1","","Predicted 6100, confirmed 6100","{}","","invoice_confirmation","","[]","default",""
"30c53262b29f0236","b6b9171d2d3b810c163079ccc2f73513","","","""2026-10-01T12:22:47.684Z""","API","gate.correct","NUMERIC","1","","Predicted 6500, confirmed 6500","{}","","invoice_confirmation","","[]","default",""
"4719a5c7d5d1686c","1b0e5d55182ed2e295672d3265489956","","","""2026-10-01T12:22:41.495Z""","API","gate.correct","NUMERIC","1","","Predicted 6800, confirmed 6800","{}","","invoice_confirmation","","[]","default",""
"217bc19b69aa2c01","bcc5562f986326b68cc98308c1d53a4b","","","""2026-10-01T12:22:35.984Z""","API","gate.correct","NUMERIC","1","","Predicted 6100, confirmed 6100","{}","","invoice_confirmation","","[]","default",""
"728ec7861b23094c","1547a701254fb7bb08066cf8938ee7cb","","","""2026-10-01T12:22:30.351Z""","API","gate.correct","NUMERIC","1","","Predicted 6300, confirmed 6300","{}","","invoice_confirmation","","[]","default",""
"3acc6c8dbff5d83d","a9d5afe7b60ed832029662dad82c5f0a","","","""2026-10-01T12:22:26.055Z""","API","gate.correct","NUMERIC","1","","Predicted 6400, confirmed 6400","{}","","invoice_confirmation","","[]","default",""
"f30d19cea9bb492d","157ad32879fd93bdf5ef5765968d30a7","","","""2026-10-01T12:22:21.084Z""","API","gate.correct","NUMERIC","1","","Predicted 6500, confirmed 6500","{}","","invoice_confirmation","","[]","default",""
"4ca399787ef20886","dd960299c74a19373b5814f97666b793","","","""2026-10-01T12:22:14.246Z""","API","gate.correct","NUMERIC","1","","Predicted 6800, confirmed 6800","{}","","invoice_confirmation","","[]","default",""
"404475a4e900b33f","ccf8e1d577f60ea88529b112c50f044f","","","""2026-10-01T12:22:06.208Z""","API","gate.correct","NUMERIC","1","","Predicted 6500, confirmed 6500","{}","","invoice_confirmation","","[]","default",""
"5e9184fb218aec91","3daa9cf7993cbdac12dbddde4d982738","","","""2026-10-01T12:22:00.386Z""","API","gate.correct","NUMERIC","1","","Predicted 6500, confirmed 6500","{}","","invoice_confirmation","","[]","default",""
"8877491be1f8d8f3","316cc6c4fffe9da4b9787c27b7114f18","","","""2026-10-01T12:21:55.070Z""","API","gate.correct","NUMERIC","1","","Predicted 7100, confirmed 7100","{}","","invoice_confirmation","","[]","default",""
"090a0a1d8e7a2521","8649f28a0a3f570ac33a7cf1e8f2c4c9","","","""2026-10-01T12:21:50.206Z""","API","gate.correct","NUMERIC","1","","Predicted 6500, confirmed 6500","{}","","invoice_confirmation","","[]","default",""
"03b561676136c348","5834df16a7b74d8d2f6d1281a36107a2","","","""2026-10-01T12:21:43.635Z""","API","gate.correct","NUMERIC","1","","Predicted 6500, confirmed 6500","{}","","invoice_confirmation","","[]","default",""
"fd381e0e4845bf9c","ff5e0c4e211749b898dbd46df67918b7","","","""2026-10-01T12:21:37.156Z""","API","gate.correct","NUMERIC","1","","Predicted 6500, confirmed 6500","{}","","invoice_confirmation","","[]","default",""
"e5ae282c4a71e37c","7d929eff26504d6d70cb4b86017df97e","","","""2026-10-01T12:21:31.259Z""","API","gate.correct","NUMERIC","1","","Predicted 6100, confirmed 6100","{}","","invoice_confirmation","","[]","default",""
"4378a7cba8bd9135","cfd6a9652f3203c73f5fb00053646f03","","","""2026-10-01T12:21:26.349Z""","API","gate.correct","NUMERIC","1","","Predicted 6600, confirmed 6600","{}","","invoice_confirmation","","[]","default",""
"1bc5cb35620182b0","24c865caf30122aedf72142c58f649f8","","","""2026-10-01T12:21:20.560Z""","API","gate.correct","NUMERIC","1","","Predicted 6700, confirmed 6700","{}","","invoice_confirmation","","[]","default",""
"9e3748db50253cdf","0eaab75c64608594f523d0f0405ed468","","","""2026-10-01T12:21:16.318Z""","API","gate.correct","NUMERIC","1","","Predicted 6200, confirmed 6200","{}","","invoice_confirmation","","[]","default",""
"33c0aa84ab6bc13b","d3537ff5907ff8cdd6df55cf2746086d","","","""2026-10-01T12:21:12.242Z""","API","gate.correct","NUMERIC","1","","Predicted 6200, confirmed 6200","{}","","invoice_confirmation","","[]","default",""
"c4393fc540cee30e","20de6ad436faf5a1354caf14480eb27d","","","""2026-10-01T12:21:08.084Z""","API","gate.correct","NUMERIC","1","","Predicted 6300, confirmed 6300","{}","","invoice_confirmation","","[]","default",""
"833e2649186ecfa3","53b111e218abef086c1b70d3cc0a528e","","","""2026-10-01T12:21:02.748Z""","API","gate.correct","NUMERIC","1","","Predicted 7100, confirmed 7100","{}","","invoice_confirmation","","[]","default",""
"53935c35dce5db08","455f800beecc7bfe22e5f10f0d5ee19b","","","""2026-10-01T12:20:55.274Z""","API","gate.correct","NUMERIC","1","","Predicted 6100, confirmed 6100","{}","","invoice_confirmation","","[]","default",""
"69bd086f045d705a","68b628dffda3d54d9b19b49dfddf596a","","","""2026-10-01T12:20:50.927Z""","API","gate.correct","NUMERIC","1","","Predicted 7100, confirmed 7100","{}","","invoice_confirmation","","[]","default",""
"4e16ea3edb377ee1","b769e8567a60fd393f0a5b0f0877afcb","","","""2026-10-01T12:20:46.074Z""","API","gate.correct","NUMERIC","1","","Predicted 6300, confirmed 6300","{}","","invoice_confirmation","","[]","default",""
"1584257d042c7192","35ac18d8141f5a465f3f80e42d16a955","","","""2026-10-01T12:20:39.787Z""","API","gate.correct","NUMERIC","1","","Predicted 6700, confirmed 6700","{}","","invoice_confirmation","","[]","default",""
"d553a5c3cc9fdea4","525df0a2c207b48244d10b146bda02a2","","","""2026-10-01T12:20:33.847Z""","API","gate.correct","NUMERIC","1","","Predicted 6700, confirmed 6700","{}","","invoice_confirmation","","[]","default",""
"f06d964a997deb66","01cf34aa568b4a50465499f4956fb402","","","""2026-10-01T12:20:28.484Z""","API","gate.correct","NUMERIC","1","","Predicted 6400, confirmed 6400","{}","","invoice_confirmation","","[]","default",""
"35d994f74efc5f53","12c77b2d284e6411e2c9491c6b70c0d8","","","""2026-10-01T12:20:22.982Z""","API","gate.correct","NUMERIC","1","","Predicted 6500, confirmed 6500","{}","","invoice_confirmation","","[]","default",""
"4393aced66447b45","6d1c2ea316901056181a2351c6fefe6a","","","""2026-10-01T12:20:17.581Z""","API","gate.correct","NUMERIC","1","","Predicted 6700, confirmed 6700","{}","","invoice_confirmation","","[]","default",""
"cb4d2a4b5410799a","df5e880c326d6caacc2467d93059ada8","","","""2026-10-01T12:20:12.973Z""","API","gate.correct","NUMERIC","1","","Predicted 6200, confirmed 6200","{}","","invoice_confirmation","","[]","default",""
"88f6905b2fb8b090","2d880e7bf72ef440c4057cb33f4f41d1","","","""2026-10-01T12:20:08.203Z""","API","gate.correct","NUMERIC","1","","Predicted 6200, confirmed 6200","{}","","invoice_confirmation","","[]","default",""
"99c0bd8062e46133","13f77e280db21061ddf469fdf2e53e2a","","","""2026-10-01T12:20:02.400Z""","API","gate.correct","NUMERIC","1","","Predicted 6300, confirmed 6300","{}","","invoice_confirmation","","[]","default",""
"faee803f918ab74a","c02da97f743cd27c78dc7b4e46c78e16","","","""2026-10-01T12:19:57.690Z""","API","gate.correct","NUMERIC","1","","Predicted 6600, confirmed 6600","{}","","invoice_confirmation","","[]","default",""
"53918241a94c3ba8","ccb22102e9c8c8d4b54e4baa1b5c915b","","","""2026-10-01T12:19:50.731Z""","API","gate.correct","NUMERIC","1","","Predicted 6700, confirmed 6700","{}","","invoice_confirmation","","[]","default",""
"29d6d77fdb6443cf","90f56b6be81706e9ed0863769ef197ec","","","""2026-10-01T12:19:43.068Z""","API","gate.correct","NUMERIC","1","","Predicted 6600, confirmed 6600","{}","","invoice_confirmation","","[]","default",""
"bdb4ed90c5bcc9fe","66bfb4c859365e3af9fbcfe95f83d278","","","""2026-10-01T12:19:38.757Z""","API","gate.correct","NUMERIC","1","","Predicted 6600, confirmed 6600","{}","","invoice_confirmation","","[]","default",""
"6f0cc0d6c6f311df","c8479b6f742262e985d2d7dcd931f07f","","","""2026-10-01T12:19:34.612Z""","API","gate.correct","NUMERIC","1","","Predicted 6500, confirmed 6500","{}","","invoice_confirmation","","[]","default",""
"1495be85d91de6fc","c41f8fc5d8e89e49b91b63a909181648","","","""2026-10-01T12:19:29.440Z""","API","gate.correct","NUMERIC","1","","Predicted 6600, confirmed 6600","{}","","invoice_confirmation","","[]","default",""
"cdb8651c9158ef91","17453a23a1ac8a82c59eef0e6e1f8c0c","","","""2026-10-01T12:19:23.775Z""","API","gate.correct","NUMERIC","1","","Predicted 6100, confirmed 6100","{}","","invoice_confirmation","","[]","default",""
"e5ee7e1f87767752","36c8a77323919eefed2bd8ff410e6bae","","","""2026-10-01T12:19:19.508Z""","API","gate.correct","NUMERIC","1","","Predicted 6500, confirmed 6500","{}","","invoice_confirmation","","[]","default",""
"8fc1cec38b2224e7","80036eebec67a59ee39fd7587d62c0eb","","","""2026-10-01T12:19:15.253Z""","API","gate.correct","NUMERIC","1","","Predicted 6400, confirmed 6400","{}","","invoice_confirmation","","[]","default",""
"f7bb67010861b37d","4ca5c9173758441141ca72af91abd5fc","","","""2026-10-01T12:19:10.524Z""","API","gate.correct","NUMERIC","1","","Predicted 6700, confirmed 6700","{}","","invoice_confirmation","","[]","default",""
"990afbc56727cced","67a96c1b031f784b1262c743386f5682","","","""2026-10-01T12:19:04.578Z""","API","gate.correct","NUMERIC","1","","Predicted 6700, confirmed 6700","{}","","invoice_confirmation","","[]","default",""
"57ada2778461ef48","aa240d2d0e0547ccbfdcf9a3350b79a8","","","""2026-10-01T12:19:00.054Z""","API","gate.correct","NUMERIC","1","","Predicted 6600, confirmed 6600","{}","","invoice_confirmation","","[]","default",""
"6b40e7a0cf3729fc","a739c1eba5cb648030a4dd7354352ef7","","","""2026-10-01T12:18:48.321Z""","API","gate.correct","NUMERIC","1","","Predicted 7100, confirmed 7100","{}","","invoice_confirmation","","[]","default",""
"7ef66750f9c735a7","fd69ca35d9fa5e222525e6c25cc540cf","","","""2026-10-01T12:18:41.245Z""","API","gate.correct","NUMERIC","1","","Predicted 6400, confirmed 6400","{}","","invoice_confirmation","","[]","default",""
"90b6f65de79bf9aa","55c7e64bfe5ae62c8e0f51691faf85ea","","","""2026-10-01T12:18:35.971Z""","API","gate.correct","NUMERIC","1","","Predicted 6100, confirmed 6100","{}","","invoice_confirmation","","[]","default",""
"7a49275a00601b02","1e3393e690fa2d186df6413471301614","","","""2026-10-01T12:18:30.527Z""","API","gate.correct","NUMERIC","1","","Predicted 6800, confirmed 6800","{}","","invoice_confirmation","","[]","default",""
"99a5a9e8394ea884","a8df9997b6b45a3e50475f685c5dd7e6","","","""2026-10-01T12:18:25.667Z""","API","gate.correct","NUMERIC","1","","Predicted 6500, confirmed 6500","{}","","invoice_confirmation","","[]","default",""
"81329ba340ac97f6","4aebe1824723a9079018ed635b0b25b9","","","""2026-10-01T12:18:20.783Z""","API","gate.correct","NUMERIC","1","","Predicted 6800, confirmed 6800","{}","","invoice_confirmation","","[]","default",""
"0ca40552bfcef49c","56a36059b75d436ab467e97b58eba4e5","","","""2026-10-01T12:18:15.394Z""","API","gate.correct","NUMERIC","1","","Predicted 6400, confirmed 6400","{}","","invoice_confirmation","","[]","default",""
"1ed8fd66bbbaa495","350ee948ec5664e4bafe5db0cdd30c32","","","""2026-10-01T12:18:10.986Z""","API","gate.correct","NUMERIC","1","","Predicted 6300, confirmed 6300","{}","","invoice_confirmation","","[]","default",""
"65ab9b8b612a277f","41e362ea29d6e1aa63d8a09a1c6db218","","","""2026-10-01T12:18:06.382Z""","API","gate.correct","NUMERIC","1","","Predicted 6100, confirmed 6100","{}","","invoice_confirmation","","[]","default",""
"ecbe0e47e9d29b10","ae9cb4e2a7ef5687f6a501bda5690bdb","","","""2026-10-01T12:17:59.722Z""","API","gate.correct","NUMERIC","1","","Predicted 6400, confirmed 6400","{}","","invoice_confirmation","","[]","default",""
"3a202b1b92de5e3f","9fde2d1c379de01ca306703f36e75971","","","""2026-10-01T12:17:53.515Z""","API","gate.correct","NUMERIC","1","","Predicted 6400, confirmed 6400","{}","","invoice_confirmation","","[]","default",""
"d59b68a5f24c9c03","ef4362874c9b9dcbf5b5ef5115f66454","","","""2026-10-01T12:17:44.371Z""","API","gate.correct","NUMERIC","1","","Predicted 6600, confirmed 6600","{}","","invoice_confirmation","","[]","default",""
"dfbe772bad2d3531","9f077f228fc04fa4a07172ebd8bee2da","","","""2026-10-01T12:17:39.616Z""","API","gate.correct","NUMERIC","1","","Predicted 6800, confirmed 6800","{}","","invoice_confirmation","","[]","default",""
"0d91bdc94b70b535","403277c56009047ee2547829bec4ea57","","","""2026-10-01T12:17:32.736Z""","API","gate.correct","NUMERIC","1","","Predicted 6200, confirmed 6200","{}","","invoice_confirmation","","[]","default",""
"4500579aba7a6a7f","4fadb4bab01a8c1c536ea1a861f6ce1c","","","""2026-10-01T12:17:27.443Z""","API","gate.correct","NUMERIC","1","","Predicted 6400, confirmed 6400","{}","","invoice_confirmation","","[]","default",""
"0bb85d227afb1718","ed4a905440c6ef230d6ed875102d3c2c","","","""2026-10-01T12:17:18.850Z""","API","gate.correct","NUMERIC","1","","Predicted 6200, confirmed 6200","{}","","invoice_confirmation","","[]","default",""
"f6e273bddd5e929f","e647ec488bdb102bdba1642d1dd7c331","","","""2026-10-01T12:17:12.156Z""","API","gate.correct","NUMERIC","1","","Predicted 7100, confirmed 7100","{}","","invoice_confirmation","","[]","default",""
"4bace4a9da7235f9","771d36b087c10c7593157781d745c4c9","","","""2026-10-01T12:17:06.568Z""","API","gate.correct","NUMERIC","1","","Predicted 6700, confirmed 6700","{}","","invoice_confirmation","","[]","default",""
"8565bf9262091418","7b7f31a41fb00a7e4d0f7b7a00454b02","","","""2026-10-01T12:17:01.681Z""","API","gate.correct","NUMERIC","1","","Predicted 6300, confirmed 6300","{}","","invoice_confirmation","","[]","default",""
"9e6c06d9cd3a53ec","08a8d036a8931ce763f1203b82274368","","","""2026-10-01T12:16:55.275Z""","API","gate.correct","NUMERIC","1","","Predicted 7100, confirmed 7100","{}","","invoice_confirmation","","[]","default",""
"3955fac0b219dffc","1a2f0acd8e666e92db45af22a4f4d900","","","""2026-10-01T12:16:49.068Z""","API","gate.correct","NUMERIC","1","","Predicted 6700, confirmed 6700","{}","","invoice_confirmation","","[]","default",""
"1e62ea309426282c","2c48ecff8491028de000f5bc2bf5705b","","","""2026-10-01T12:16:43.245Z""","API","gate.correct","NUMERIC","1","","Predicted 6500, confirmed 6500","{}","","invoice_confirmation","","[]","default",""
"8b32196c4f4a43eb","937456fea07f18a06ad39a48bb0de4fd","","","""2026-10-01T12:16:38.382Z""","API","gate.correct","NUMERIC","1","","Predicted 6400, confirmed 6400","{}","","invoice_confirmation","","[]","default",""
"c2f37b1a3ace3e0f","3b967cc68dfa05e94137b827d9520b61","","","""2026-10-01T12:16:34.245Z""","API","gate.correct","NUMERIC","1","","Predicted 7100, confirmed 7100","{}","","invoice_confirmation","","[]","default",""
"37f3014a88d9289a","e656ac0be3721477472fa513f3738432","","","""2026-10-01T12:16:28.863Z""","API","gate.correct","NUMERIC","1","","Predicted 6100, confirmed 6100","{}","","invoice_confirmation","","[]","default",""
"9342c314316bd7a2","2fc9133f669eb9410650de5914e3f2da","","","""2026-10-01T12:16:23.454Z""","API","gate.correct","NUMERIC","1","","Predicted 6500, confirmed 6500","{}","","invoice_confirmation","","[]","default",""
"d3cd692a88193711","4e678c341f5306c2397f97254a164ccc","","","""2026-10-01T12:16:13.050Z""","API","gate.correct","NUMERIC","1","","Predicted 6500, confirmed 6500","{}","","invoice_confirmation","","[]","default",""
"9b8ac2564907d587","b96f596bd9d0bb947ff2347de9a96e4c","","","""2026-10-01T12:16:08.591Z""","API","gate.correct","NUMERIC","1","","Predicted 6500, confirmed 6500","{}","","invoice_confirmation","","[]","default",""
"d2158132d8d895a0","93f644e69a313cdffc47fb849dd59992","","","""2026-10-01T12:16:03.523Z""","API","gate.correct","NUMERIC","1","","Predicted 6400, confirmed 6400","{}","","invoice_confirmation","","[]","default",""
"88d853946b2221bd","1e8d0bd51d6e677b656d2022c83afc57","","","""2026-10-01T12:15:57.826Z""","API","gate.correct","NUMERIC","1","","Predicted 6500, confirmed 6500","{}","","invoice_confirmation","","[]","default",""
"66280037dede0e1e","9d035032aef113aca9d83caf0bc875e9","","","""2026-10-01T12:15:50.741Z""","API","gate.correct","NUMERIC","1","","Predicted 7100, confirmed 7100","{}","","invoice_confirmation","","[]","default",""
"d86e93ae2a308aee","3bfea97e52b3d56bcf5dc132ec54bbf6","","","""2026-10-01T12:15:45.144Z""","API","gate.correct","NUMERIC","1","","Predicted 6200, confirmed 6200","{}","","invoice_confirmation","","[]","default",""
"2cc10bb6c7f52751","2e1eca9574f3069e75e8bb9c51396519","","","""2026-10-01T12:14:59.996Z""","API","gate.correct","NUMERIC","1","","Predicted 6800, confirmed 6800","{}","","invoice_confirmation","","[]","default",""
"dea4de5cf0173515","0276a21a8d0dddf9c36af89385eff584","","","""2026-10-01T12:14:54.008Z""","API","gate.correct","NUMERIC","1","","Predicted 6300, confirmed 6300","{}","","invoice_confirmation","","[]","default",""
"3a9fc46c94541af9","3cfed1b4a3c07cae59fd61451b95e279","","","""2026-10-01T12:14:46.880Z""","API","gate.correct","NUMERIC","1","","Predicted 6400, confirmed 6400","{}","","invoice_confirmation","","[]","default",""
"93250501bfaa6f10","3571bb80ab4e500e8569ee5559013949","","","""2026-10-01T12:14:41.396Z""","API","gate.correct","NUMERIC","1","","Predicted 7100, confirmed 7100","{}","","invoice_confirmation","","[]","default",""
"e86562b3a944d6f6","f78471c6eea0d0440a8bb022f0b9fbc4","","","""2026-10-01T12:14:35.946Z""","API","gate.correct","NUMERIC","1","","Predicted 6100, confirmed 6100","{}","","invoice_confirmation","","[]","default",""
"85af7d3bd9b8116f","c6a9bd160d79e8a8795142e2299c996d","","","""2026-10-01T12:14:30.214Z""","API","gate.correct","NUMERIC","1","","Predicted 6800, confirmed 6800","{}","","invoice_confirmation","","[]","default",""
"2a933852fc709f5c","77309fe9158ca64505c3ff27dd7d6649","","","""2026-10-01T12:14:25.499Z""","API","gate.correct","NUMERIC","1","","Predicted 6500, confirmed 6500","{}","","invoice_confirmation","","[]","default",""
"632585f50486ea4c","21c12528367046e4beb4e06bc67521cc","","","""2026-10-01T12:14:20.138Z""","API","gate.correct","NUMERIC","1","","Predicted 6300, confirmed 6300","{}","","invoice_confirmation","","[]","default",""
